,all_日均收益率R,top_日均收益率R,bottom_日均收益率R,all_日均波动率Vol,top_日均波动率Vol,bottom_日均波动率Vol,all_年化收益率ER,top_年化收益率ER,bottom_年化收益率ER,all_年化波动率VOL,top_年化波动率VOL,bottom_年化波动率VOL,all_信息比率IR,top_信息比率IR,bottom_信息比率IR,all_夏普比率SR,top_夏普比率SR,bottom_夏普比率SR,all_下行偏差DD,top_下行偏差DD,bottom_下行偏差DD,all_胜率VE,top_胜率VE,bottom_胜率VE,all_盈亏比PnL,top_盈亏比PnL,bottom_盈亏比PnL,all_最大回撤MDD,top_最大回撤MDD,bottom_最大回撤MDD,all_卡玛比率Calmar,top_卡玛比率Calmar,bottom_卡玛比率Calmar,all_索提诺比率Sortino,top_索提诺比率Sortino,bottom_索提诺比率Sortino,all_换手率Tov,top_换手率Tov,bottom_换手率Tov,,,,,,,,,,,,,,,,,,,,,,,,,,,,,,,,,,,,,,,,,,,,,,,,,,,,,,,,,,,,,,,,,,,,,,,,,,,,,,,,,,,,,,,,,,,,,,,,,,,,,,,,,,,,,,,,,,,,,,,,,,,,,,,,,,,,,,,,,,,,,,,,,,,,,,,,,,,,,,,,,,,,,,,,,,,,,,,,,,,,,,,,,,,,,,,,,,,,,,,,,,,,,,,,,,,,,,,,,,,,,,,,,,,,,,,,,,,,,,,,,,,,,,,,,,,,,,,,,,,,,,,,,,,,,,,,,,,,,,,,,,,,,,,,,,,,,,,,,,,,,,,,,,,,,,,,
Day5longest_above_mean,0.000694974,0.000342313,0.000351669,0.005716999,0.003043666,0.003065059,0.175133486,0.086262893,0.088620682,0.090754546,0.048316694,0.048656304,0.121562755,0.11246737,0.114734941,1.929748909,1.785364144,1.82136072,0.010113064,0.005531442,0.005047613,0.457492933,0.45830038,0.456821654,1.313328067,1.312238403,1.318742843,0.06484111,0.02954596,0.03529515,2.700963708,2.919617147,2.510845872,17.31754862,15.5950101,17.55694977,1.27792589,0.676778347,0.606302182,,,,,,,,,,,,,,,,,,,,,,,,,,,,,,,,,,,,,,,,,,,,,,,,,,,,,,,,,,,,,,,,,,,,,,,,,,,,,,,,,,,,,,,,,,,,,,,,,,,,,,,,,,,,,,,,,,,,,,,,,,,,,,,,,,,,,,,,,,,,,,,,,,,,,,,,,,,,,,,,,,,,,,,,,,,,,,,,,,,,,,,,,,,,,,,,,,,,,,,,,,,,,,,,,,,,,,,,,,,,,,,,,,,,,,,,,,,,,,,,,,,,,,,,,,,,,,,,,,,,,,,,,,,,,,,,,,,,,,,,,,,,,,,,,,,,,,,,,,,,,,,,,,,,,,,,
Day10longest_above_mean,0.000705147,0.000400966,0.000303841,0.005447861,0.002999188,0.002835543,0.17769697,0.101043458,0.076567934,0.086482111,0.047610631,0.045012849,0.129435519,0.133691561,0.107154436,2.054725166,2.122287734,1.701023938,0.00956855,0.005606219,0.004539917,0.457595172,0.463799299,0.453106832,1.312187204,1.300415736,1.319989836,0.057831587,0.03135507,0.033190939,3.072662859,3.222555604,2.306892698,18.57094021,18.02345956,16.86549327,1.103200303,0.63152025,0.476834693,,,,,,,,,,,,,,,,,,,,,,,,,,,,,,,,,,,,,,,,,,,,,,,,,,,,,,,,,,,,,,,,,,,,,,,,,,,,,,,,,,,,,,,,,,,,,,,,,,,,,,,,,,,,,,,,,,,,,,,,,,,,,,,,,,,,,,,,,,,,,,,,,,,,,,,,,,,,,,,,,,,,,,,,,,,,,,,,,,,,,,,,,,,,,,,,,,,,,,,,,,,,,,,,,,,,,,,,,,,,,,,,,,,,,,,,,,,,,,,,,,,,,,,,,,,,,,,,,,,,,,,,,,,,,,,,,,,,,,,,,,,,,,,,,,,,,,,,,,,,,,,,,,,,,,,,
Day22longest_above_mean,0.000684006,0.000436362,0.000246203,0.005571251,0.003121259,0.002714353,0.172369407,0.109963225,0.062043189,0.088440871,0.049548449,0.043089014,0.122774142,0.139803208,0.090704175,1.948979082,2.219307132,1.43988414,0.009441555,0.00519276,0.004668357,0.457699184,0.463653376,0.453817673,1.307837962,1.311994643,1.297352936,0.05613881,0.030315003,0.034236489,3.070414355,3.627353253,1.812194831,18.25646375,21.17625693,13.29015557,0.712703214,0.401071276,0.316786577,,,,,,,,,,,,,,,,,,,,,,,,,,,,,,,,,,,,,,,,,,,,,,,,,,,,,,,,,,,,,,,,,,,,,,,,,,,,,,,,,,,,,,,,,,,,,,,,,,,,,,,,,,,,,,,,,,,,,,,,,,,,,,,,,,,,,,,,,,,,,,,,,,,,,,,,,,,,,,,,,,,,,,,,,,,,,,,,,,,,,,,,,,,,,,,,,,,,,,,,,,,,,,,,,,,,,,,,,,,,,,,,,,,,,,,,,,,,,,,,,,,,,,,,,,,,,,,,,,,,,,,,,,,,,,,,,,,,,,,,,,,,,,,,,,,,,,,,,,,,,,,,,,,,,,,,
Day60longest_above_mean,0.000761866,0.000448719,0.000301667,0.005309786,0.002825941,0.002739606,0.191990234,0.113077259,0.07602009,0.084290241,0.044860417,0.043489894,0.14348337,0.158785813,0.110113295,2.277727892,2.520646634,1.74799437,0.009411189,0.004720363,0.004984211,0.457789108,0.46119995,0.45495694,1.319161991,1.325086825,1.307472687,0.052297877,0.024912661,0.028806875,3.67109037,4.538947481,2.638956552,20.40021054,23.95520181,15.25218205,0.353669296,0.191239126,0.167584809,,,,,,,,,,,,,,,,,,,,,,,,,,,,,,,,,,,,,,,,,,,,,,,,,,,,,,,,,,,,,,,,,,,,,,,,,,,,,,,,,,,,,,,,,,,,,,,,,,,,,,,,,,,,,,,,,,,,,,,,,,,,,,,,,,,,,,,,,,,,,,,,,,,,,,,,,,,,,,,,,,,,,,,,,,,,,,,,,,,,,,,,,,,,,,,,,,,,,,,,,,,,,,,,,,,,,,,,,,,,,,,,,,,,,,,,,,,,,,,,,,,,,,,,,,,,,,,,,,,,,,,,,,,,,,,,,,,,,,,,,,,,,,,,,,,,,,,,,,,,,,,,,,,,,,,,
Day126longest_above_mean,0.000781486,0.000486645,0.000263677,0.005109801,0.002983957,0.002541606,0.196934538,0.122634463,0.066446491,0.081115583,0.047368847,0.040346738,0.152938675,0.16308704,0.103744086,2.427826193,2.588926494,1.646886317,0.008832005,0.00496342,0.00425843,0.458224211,0.465648902,0.451995123,1.322396467,1.311631466,1.310419512,0.046797187,0.023267506,0.027613491,4.208255925,5.270632074,2.406305362,22.29782959,24.70765514,15.60351965,0.193963922,0.103338388,0.095780173,,,,,,,,,,,,,,,,,,,,,,,,,,,,,,,,,,,,,,,,,,,,,,,,,,,,,,,,,,,,,,,,,,,,,,,,,,,,,,,,,,,,,,,,,,,,,,,,,,,,,,,,,,,,,,,,,,,,,,,,,,,,,,,,,,,,,,,,,,,,,,,,,,,,,,,,,,,,,,,,,,,,,,,,,,,,,,,,,,,,,,,,,,,,,,,,,,,,,,,,,,,,,,,,,,,,,,,,,,,,,,,,,,,,,,,,,,,,,,,,,,,,,,,,,,,,,,,,,,,,,,,,,,,,,,,,,,,,,,,,,,,,,,,,,,,,,,,,,,,,,,,,,,,,,,,,
Day252longest_above_mean,0.000730585,0.000483818,0.000320736,0.004260809,0.003066963,0.002282488,0.184107493,0.121922193,0.080825584,0.067638241,0.048686522,0.036233369,0.171466346,0.157751588,0.140520558,2.72194385,2.504228823,2.230694697,0.006910137,0.004765139,0.003719076,0.459223914,0.465048953,0.454318665,1.333445255,1.313631666,1.318747995,0.04477205,0.02551201,0.024081626,4.112107753,4.779011608,3.356317559,26.64310476,25.58628282,21.7327065,0.112495495,0.059685705,0.057964429,,,,,,,,,,,,,,,,,,,,,,,,,,,,,,,,,,,,,,,,,,,,,,,,,,,,,,,,,,,,,,,,,,,,,,,,,,,,,,,,,,,,,,,,,,,,,,,,,,,,,,,,,,,,,,,,,,,,,,,,,,,,,,,,,,,,,,,,,,,,,,,,,,,,,,,,,,,,,,,,,,,,,,,,,,,,,,,,,,,,,,,,,,,,,,,,,,,,,,,,,,,,,,,,,,,,,,,,,,,,,,,,,,,,,,,,,,,,,,,,,,,,,,,,,,,,,,,,,,,,,,,,,,,,,,,,,,,,,,,,,,,,,,,,,,,,,,,,,,,,,,,,,,,,,,,,
Day5longest_above_median,0.000707635,0.000351707,0.000355556,0.005607271,0.003037896,0.002913784,0.178324141,0.088630094,0.089600095,0.08901267,0.048225098,0.04625489,0.126199618,0.115773143,0.122025487,2.003356827,1.837841662,1.93709455,0.010210156,0.005447723,0.005029828,0.457487922,0.45662464,0.458346807,1.312971335,1.317039253,1.311592971,0.060918653,0.032046659,0.035013823,2.927250238,2.765657853,2.558992054,17.46536864,16.26919847,17.8137503,1.043364141,0.624337414,0.424181366,,,,,,,,,,,,,,,,,,,,,,,,,,,,,,,,,,,,,,,,,,,,,,,,,,,,,,,,,,,,,,,,,,,,,,,,,,,,,,,,,,,,,,,,,,,,,,,,,,,,,,,,,,,,,,,,,,,,,,,,,,,,,,,,,,,,,,,,,,,,,,,,,,,,,,,,,,,,,,,,,,,,,,,,,,,,,,,,,,,,,,,,,,,,,,,,,,,,,,,,,,,,,,,,,,,,,,,,,,,,,,,,,,,,,,,,,,,,,,,,,,,,,,,,,,,,,,,,,,,,,,,,,,,,,,,,,,,,,,,,,,,,,,,,,,,,,,,,,,,,,,,,,,,,,,,,
Day10longest_above_median,0.000705282,0.000419745,0.000284887,0.00545639,0.002830758,0.002989776,0.177731037,0.105775792,0.071791608,0.086617513,0.044936894,0.047461218,0.129257959,0.148280132,0.095287192,2.051906489,2.353874115,1.512637281,0.010021679,0.005718395,0.004714549,0.457598486,0.46073222,0.454636858,1.311088998,1.317825266,1.307813704,0.061235091,0.029705658,0.037936974,2.902437707,3.560796126,1.89239153,17.73465756,18.49746265,15.22767179,1.096938224,0.630153058,0.471939805,,,,,,,,,,,,,,,,,,,,,,,,,,,,,,,,,,,,,,,,,,,,,,,,,,,,,,,,,,,,,,,,,,,,,,,,,,,,,,,,,,,,,,,,,,,,,,,,,,,,,,,,,,,,,,,,,,,,,,,,,,,,,,,,,,,,,,,,,,,,,,,,,,,,,,,,,,,,,,,,,,,,,,,,,,,,,,,,,,,,,,,,,,,,,,,,,,,,,,,,,,,,,,,,,,,,,,,,,,,,,,,,,,,,,,,,,,,,,,,,,,,,,,,,,,,,,,,,,,,,,,,,,,,,,,,,,,,,,,,,,,,,,,,,,,,,,,,,,,,,,,,,,,,,,,,,
Day22longest_above_median,0.000738299,0.000446414,0.000289386,0.005570175,0.002890263,0.002938005,0.18605134,0.112496341,0.072925335,0.088423788,0.045881495,0.046639391,0.13254502,0.154454498,0.09849752,2.104086963,2.451889151,1.563599657,0.00988283,0.005009766,0.005183083,0.457703876,0.458608281,0.456620783,1.317513105,1.338339454,1.300951329,0.056175402,0.025577147,0.039111917,3.311971699,4.398314702,1.86452983,18.82571444,22.45540638,14.06987647,0.762543454,0.421115352,0.346582741,,,,,,,,,,,,,,,,,,,,,,,,,,,,,,,,,,,,,,,,,,,,,,,,,,,,,,,,,,,,,,,,,,,,,,,,,,,,,,,,,,,,,,,,,,,,,,,,,,,,,,,,,,,,,,,,,,,,,,,,,,,,,,,,,,,,,,,,,,,,,,,,,,,,,,,,,,,,,,,,,,,,,,,,,,,,,,,,,,,,,,,,,,,,,,,,,,,,,,,,,,,,,,,,,,,,,,,,,,,,,,,,,,,,,,,,,,,,,,,,,,,,,,,,,,,,,,,,,,,,,,,,,,,,,,,,,,,,,,,,,,,,,,,,,,,,,,,,,,,,,,,,,,,,,,,,
Day60longest_above_median,0.000805479,0.000457913,0.000340456,0.005317068,0.002617858,0.002991599,0.202980679,0.115394097,0.085794881,0.084405845,0.041557201,0.047490169,0.151489282,0.17491902,0.113803964,2.404817801,2.776753363,1.806581914,0.009350219,0.004031488,0.005360438,0.457825414,0.459759879,0.457243726,1.327429314,1.333347755,1.315987,0.052347462,0.019190721,0.035375735,3.877564893,6.013015051,2.425246605,21.70865428,28.62320161,16.00520047,0.392449445,0.206482374,0.19112171,,,,,,,,,,,,,,,,,,,,,,,,,,,,,,,,,,,,,,,,,,,,,,,,,,,,,,,,,,,,,,,,,,,,,,,,,,,,,,,,,,,,,,,,,,,,,,,,,,,,,,,,,,,,,,,,,,,,,,,,,,,,,,,,,,,,,,,,,,,,,,,,,,,,,,,,,,,,,,,,,,,,,,,,,,,,,,,,,,,,,,,,,,,,,,,,,,,,,,,,,,,,,,,,,,,,,,,,,,,,,,,,,,,,,,,,,,,,,,,,,,,,,,,,,,,,,,,,,,,,,,,,,,,,,,,,,,,,,,,,,,,,,,,,,,,,,,,,,,,,,,,,,,,,,,,,
Day126longest_above_median,0.000766004,0.000459007,0.000285397,0.004921835,0.002623513,0.002770405,0.193033053,0.115669785,0.071919945,0.078131702,0.041646978,0.043978815,0.155633874,0.174958951,0.103016207,2.470611151,2.777387237,1.635331586,0.00893541,0.004220559,0.005096867,0.458144442,0.462288468,0.455480444,1.32349574,1.317153576,1.307166343,0.047395148,0.022112354,0.032244923,4.072844147,5.231002742,2.230426932,21.60315646,27.40627347,14.11061827,0.212201273,0.110983041,0.106372871,,,,,,,,,,,,,,,,,,,,,,,,,,,,,,,,,,,,,,,,,,,,,,,,,,,,,,,,,,,,,,,,,,,,,,,,,,,,,,,,,,,,,,,,,,,,,,,,,,,,,,,,,,,,,,,,,,,,,,,,,,,,,,,,,,,,,,,,,,,,,,,,,,,,,,,,,,,,,,,,,,,,,,,,,,,,,,,,,,,,,,,,,,,,,,,,,,,,,,,,,,,,,,,,,,,,,,,,,,,,,,,,,,,,,,,,,,,,,,,,,,,,,,,,,,,,,,,,,,,,,,,,,,,,,,,,,,,,,,,,,,,,,,,,,,,,,,,,,,,,,,,,,,,,,,,,
Day252longest_above_median,0.00072843,0.000486148,0.000322325,0.004229111,0.002779167,0.002539671,0.183564342,0.122509252,0.081225841,0.067135059,0.044117913,0.04031602,0.172241849,0.174925717,0.126915975,2.73425458,2.776859668,2.014728644,0.007058824,0.004505148,0.004227972,0.459116993,0.462744628,0.455973148,1.331907902,1.323110117,1.315688064,0.041887226,0.027828984,0.025718212,4.382346585,4.402217936,3.158300448,26.0049481,27.19316817,19.21153737,0.120815063,0.062839014,0.063130689,,,,,,,,,,,,,,,,,,,,,,,,,,,,,,,,,,,,,,,,,,,,,,,,,,,,,,,,,,,,,,,,,,,,,,,,,,,,,,,,,,,,,,,,,,,,,,,,,,,,,,,,,,,,,,,,,,,,,,,,,,,,,,,,,,,,,,,,,,,,,,,,,,,,,,,,,,,,,,,,,,,,,,,,,,,,,,,,,,,,,,,,,,,,,,,,,,,,,,,,,,,,,,,,,,,,,,,,,,,,,,,,,,,,,,,,,,,,,,,,,,,,,,,,,,,,,,,,,,,,,,,,,,,,,,,,,,,,,,,,,,,,,,,,,,,,,,,,,,,,,,,,,,,,,,,,
Day60num_peaks10,0.000824085,0.000389346,0.000435261,0.005438432,0.002816607,0.002881835,0.207669541,0.098115076,0.109685683,0.086332428,0.044712254,0.045747706,0.151529985,0.138232101,0.151035958,2.405463932,2.19436657,2.39762151,0.009485151,0.00490125,0.004634611,0.457813091,0.457471608,0.458552106,1.328620508,1.330382816,1.328315922,0.054056662,0.029704319,0.026518617,3.841701179,3.303057621,4.136176663,21.89417339,20.01837635,23.66664203,0.754870751,0.39030273,0.36972266,,,,,,,,,,,,,,,,,,,,,,,,,,,,,,,,,,,,,,,,,,,,,,,,,,,,,,,,,,,,,,,,,,,,,,,,,,,,,,,,,,,,,,,,,,,,,,,,,,,,,,,,,,,,,,,,,,,,,,,,,,,,,,,,,,,,,,,,,,,,,,,,,,,,,,,,,,,,,,,,,,,,,,,,,,,,,,,,,,,,,,,,,,,,,,,,,,,,,,,,,,,,,,,,,,,,,,,,,,,,,,,,,,,,,,,,,,,,,,,,,,,,,,,,,,,,,,,,,,,,,,,,,,,,,,,,,,,,,,,,,,,,,,,,,,,,,,,,,,,,,,,,,,,,,,,,
Day126num_peaks10,0.000785692,0.000385319,0.000404768,0.005242207,0.002617114,0.002867535,0.197994462,0.097100469,0.102001502,0.083217451,0.041545393,0.04552071,0.149878165,0.147230635,0.141155325,2.379242103,2.337213875,2.24077131,0.00930144,0.004766539,0.004643309,0.457772767,0.458394171,0.456999328,1.323836287,1.324720558,1.32716872,0.05053376,0.025767098,0.028780453,3.918063104,3.768389792,3.544124257,21.28643221,20.37127358,21.96741666,0.520280968,0.273334218,0.252101389,,,,,,,,,,,,,,,,,,,,,,,,,,,,,,,,,,,,,,,,,,,,,,,,,,,,,,,,,,,,,,,,,,,,,,,,,,,,,,,,,,,,,,,,,,,,,,,,,,,,,,,,,,,,,,,,,,,,,,,,,,,,,,,,,,,,,,,,,,,,,,,,,,,,,,,,,,,,,,,,,,,,,,,,,,,,,,,,,,,,,,,,,,,,,,,,,,,,,,,,,,,,,,,,,,,,,,,,,,,,,,,,,,,,,,,,,,,,,,,,,,,,,,,,,,,,,,,,,,,,,,,,,,,,,,,,,,,,,,,,,,,,,,,,,,,,,,,,,,,,,,,,,,,,,,,,
Day252num_peaks10,0.000736994,0.000363217,0.00043445,0.004669475,0.002412858,0.002813839,0.185722389,0.091530751,0.109481492,0.074125617,0.038302931,0.044668315,0.157832221,0.15053405,0.154397716,2.505508836,2.389653964,2.450987754,0.007945033,0.003635845,0.004792575,0.458182138,0.458288401,0.458491625,1.324134509,1.316264272,1.330898241,0.059923238,0.03206284,0.030684541,3.099338343,2.854730021,3.567968998,23.37591013,25.17454545,22.84398136,0.347163076,0.181374514,0.170943201,,,,,,,,,,,,,,,,,,,,,,,,,,,,,,,,,,,,,0.668369814,0.340512023,0.33301243Day60num_peaks5,0.000755186,0.000382207,0.00037211,0.005490192,0.002873436,0.002857298,0.190306891,0.096316224,0.093771615,0.087154097,0.045614385,0.045358194,0.137551851,0.133014002,0.130231298,2.183567933,2.111531819,2.067357759,0.009700283,0.004886193,0.004923824,0.457787258,0.458124613,0.457189544,1.320437724,1.325210117,1.320770396,0.05844128,0.031707426,0.034155796,3.256377863,3.03765508,2.74540856,19.6186949,19.71191499,19.04446903,0.668369814,0.340512023,0.33301243,,,,,,,,,,,,,,,,,,,,,,,,,,,,,,,,,,,,,,,,,,,,,,,,,,,,,,,,,,,,,,,,,,,,,,,,,,,,,,,,,,,,,,,,,,,,,,,,,,,,,,,,,,,,,,,,,,,,,,,,,,,,,,,,,,,,,,,,,,,,,,,,,,,,,,,,,,,,,,,,,,,,,,,,,,,,,,,,,,,,,,,,,,,,,,,,,,,,,,,,,,,,,,,,,,,,,,,,,,,,,,,,,,,,,,,,,,
Day126num_peaks5,0.000808456,0.000431212,0.000371993,0.005215001,0.002875889,0.002636899,0.203730988,0.108665446,0.093742114,0.082785568,0.04565332,0.04185948,0.15502516,0.149940457,0.141071942,2.460948128,2.380230958,2.239447645,0.009574202,0.005221468,0.00453681,0.457712004,0.459105868,0.456454617,1.330068166,1.335370633,1.323662589,0.056650658,0.032783376,0.031577322,3.596268723,3.314650883,2.96865307,21.27916053,20.81128317,20.66256145,0.480844695,0.245362808,0.240636527,,,,,,,,,,,,,,,,,,,,,,,,,,,,,,,,,,,,,,,,,,,,,,,,,,,,,,,,,,,,,,,,,,,,,,,,,,,,,,,,,,,,,,,,,,,,,,,,,,,,,,,,,,,,,,,,,,,,,,,,,,,,,,,,,,,,,,,,,,,,,,,,,,,,,,,,,,,,,,,,,,,,,,,,,,,,,,,,,,,,,,,,,,,,,,,,,,,,,,,,,,,,,,,,,,,,,,,,,,,,,,,,,,,,,,,,,,,,,,,,,,,,,,,,,,,,,,,,,,,,,,,,,,,,,,,,,,,,,,,,,,,,,,,,,,,,,,,,,,,,,,,,,,,,,,,,
Day252num_peaks5,0.000759261,0.000438516,0.000397895,0.004490471,0.002870509,0.002331108,0.191333678,0.11050604,0.100269491,0.071284025,0.045567911,0.037005196,0.169082608,0.152765971,0.170689116,2.684103192,2.425084602,2.709605718,0.007195699,0.004783786,0.003770998,0.458248605,0.458250565,0.458311447,1.331383761,1.344610159,1.320267634,0.044531876,0.028844796,0.023100308,4.296555496,3.831056421,4.340612742,26.59000523,23.10012303,26.58964274,0.351248067,0.179457026,0.17694568,,,,,,,,,,,,,,,,,,,,,,,,,,,,,,,,,,,,,,,,,,,,,,,,,,,,,,,,,,,,,,,,,,,,,,,,,,,,,,Day22c32,-0.000406181,1.96E-05,-0.000434472,0.008795799,0.004991422,0.004950037,-0.102357705,0.004926858,-0.109487011,0.139628981,0.079236364,0.078579395,-0.046179019,0.003916925,-0.087771526,-0.733069199,0.062179251,-1.393329782,0.014435524,0.006604439,0.009322156,0.457700644,0.460137171,0.455405605,1.213096384,1.25195117,1.184535533,0.326879463,0.09537446,0.247667647,-0.313135931,0.051658041,-0.442072319,-7.090681455,0.745991913,-11.74481608,0.72464646,0.367398596,0.362402504,,,,,,,,,,,,,,,,,,,,,,,,,,,,,,,,,,,,,,,,,,,,,,,,,,,,,,,,,,,,,,,,,,,,,,,,,,,,,,,,,,,,,,,,,,,,,,,,,,,,,,,,,,,,,,,,,,,,,,,,,,,,,,,,,,,,,,,,,,,,,,,,,,,,,,,,,,,,,,,,,,,,,,,,,,,,,,,,,,,,,,,,,,,,,,,,,,,
Day60c32,0.000282156,0.000259946,-1.04E-05,0.006778458,0.003614489,0.00414852,0.071103407,0.065506512,-0.002626748,0.107604682,0.057378242,0.065855715,0.041625453,0.071917895,-0.002512608,0.660783576,1.141661184,-0.039886415,0.011951327,0.004790086,0.00767764,0.457823456,0.460717081,0.456012332,1.262834435,1.278800945,1.249508975,0.149778218,0.066198442,0.116617857,0.474724615,0.989547631,-0.022524409,5.949414989,13.6754359,-0.342129669,0.349320007,0.179263133,0.175211514,,,,,,,,,,,,,,,,,,,,,,,,,,,,,,,,,,,,,,,,,,,,,,,,,,,,,,,,,,,,,,,,,,,,,,,,,,,,,,,,,,,,,,,,,,,,,,,,,,,,,,,,,,,,,,,,,,,,,,,,,,,,,,,,,,,,,,,,,,,,,,,,,,,,,,,,,,,,,,,,,,,,,,,,,,,,,,,,,,,,,,,,,,,,,,,,,,,,,,,,,,,,,,,,,,,,,,,,,,,,,,,,,,,,,,,,,,,,,,,,,,,,,,,,,,,,,,,,,,,,,,,,,,,,,,,,,,,,,,,,,,,,,,,,,,,,,,,,,,,,,,,,,,,,,,,,
Day126c32,0.000429536,0.000315866,0.00011841,0.006362957,0.003265794,0.003915671,0.108242976,0.07959831,0.029839344,0.101008815,0.051842877,0.062159347,0.067505658,0.096719597,0.030240054,1.071619104,1.535376007,0.480045973,0.01042598,0.004331444,0.007107459,0.457788123,0.457373968,0.457474592,1.273737386,1.300006858,1.265150384,0.106453258,0.040875596,0.071506576,1.01681224,1.947330865,0.417295106,10.38204359,18.37685177,4.198313958,0.211392245,0.110136565,0.106410319,,,,,,,,,,,,,,,,,,,,,,,,,,,,,,,,,,,,,,,,,,,,,,,,,,,,,,,,,,,,,,,,,,,,,,,,,,,,,,,,,,,,,,,,,,,,,,,,,,,,,,,,,,,,,,,,,,,,,,,,,,,,,,,,,,,,,,,,,,,,,,,,,,,,,,,,,,,,,,,,,,,,,,,,,,,,,,,,,,,,,,,,,,,,,,,,,,,,,,,,,,,,,,,,,,,,,,,,,,,,,,,,,,,,,,,,,,,,,,,,,,,,,,,,,,,,,,,,,,,,,,,,,,,,,,,,,,,,,,,,,,,,,,,,,,,,,,,,,,,,,,,,,,,,,,,,
Day252c32,0.000774705,0.000415027,0.000374196,0.005072019,0.002723492,0.003356544,0.195225645,0.104586784,0.094297461,0.080515802,0.043234092,0.053283477,0.152740945,0.152387798,0.111482621,2.424687329,2.419081297,1.769731751,0.009164936,0.004080389,0.006193224,0.458140119,0.458235229,0.458527561,1.319681075,1.312386691,1.316433644,0.050696856,0.020210595,0.041740448,3.850843235,5.174849315,2.259138707,21.30136463,25.63156996,15.22590874,0.130657901,0.068582017,0.067230523,,,,,,,,,,,,,,,,,,,,,,,,,,,,,,,,,,,,,,,,,,,,,,,,,,,,,,,,,,,,,,,,,,,,,,,,,,,,,,,,,,,,,,,,,,,,,,,,,,,,,,,,,,,,,,,,,,,,,Day22c31,-0.000306577,-3.32E-05,-0.000274857,0.00897816,0.005927465,0.004414981,-0.07725741,-0.008363454,-0.069264023,0.142523867,0.094095597,0.070085649,-0.034146978,-0.005599072,-0.062255588,-0.542066474,-0.088882519,-0.988276829,0.015068192,0.009900516,0.007211618,0.457725601,0.455007419,0.457989355,1.232503349,1.288329183,1.19735463,0.320437617,0.145239452,0.187339635,-0.24109969,-0.057583898,-0.369724341,-5.12718499,-0.844749309,-9.604505,0.641480644,0.333063739,0.313571544,,,,,,,,,,,,,,,,,,,,,,,,,,,,,,,,,,,,,,,,,,,,,,,,,,,,,,,,,,,,,,,,,,,,,,,,,,,,,,,,,,,,,,,,,,,,,,,,,,,,,,,,,,,,,,,,,,,,,,,,,,,,,,,,,,,,,,,,,,,,,,,,,,,,,,,,,,,,
Day60c31,0.000327481,0.000287648,6.91E-06,0.006724096,0.004217695,0.003607272,0.082525267,0.072487244,0.00174028,0.10674171,0.06695384,0.05726367,0.048702641,0.068200228,0.001914431,0.773130459,1.082645052,0.03039065,0.011654555,0.005782805,0.006431212,0.457815047,0.458355309,0.457091215,1.272858551,1.302209911,1.243007111,0.128809435,0.067321421,0.10639756,0.640677193,1.076733709,0.016356392,7.080945584,12.53496165,0.270599081,0.301229605,0.156979823,0.149404421,,,,,,,,,,,,,,,,,,,,,,,,,,,,,,,,,,,,,,,,,,,,,,,,,,,,,,,,,,,,,,,,,,,,,,,,,,,,,,,,,,,,,,,,,,,,,,,,,,,,,,,,,,,,,,,,,,,,,,,,,,,,,,,,,,,,,,,,,,,,,,,,,,,,,,,,,,,,,,,,,,,,,,,,,,,,,,,,,,,,,,,,,,,,,,,,,,,,,,,,,,,,,,,,,,,,,,,,,,,,,,,,,,,,,,,,,,,,,,,,,,,,,,,,,,,,,,,,,,,,,,,,,,,,,,,,,,,,,,,,,,,,,,,,,,,,,,,,,,,,,,,,,,,,,,,,
Day126c31,0.000482273,0.000373506,7.89E-05,0.005944965,0.003662334,0.003504206,0.121532849,0.094123531,0.019891034,0.094373386,0.058137746,0.05562755,0.081122976,0.101985811,0.022525123,1.287787318,1.618974563,0.357575236,0.010038222,0.004925186,0.006026186,0.45745943,0.45846694,0.457534697,1.287608942,1.309482427,1.253712092,0.080628522,0.051387137,0.089313195,1.507318334,1.831655481,0.222711037,12.10700965,19.11065345,3.300766566,0.175873574,0.092771123,0.088257091,,,,,,,,,,,,,,,,,,,,,,,,,,,,,,,,,,,,,,,,,,,,,,,,,,,,,,,,,,,,,,,,,,,,,,,,,,,,,,,,,,,,,,,,,,,,,,,,,,,,,,,,,,,,,,,,,,,,,,,,,,,,,,,,,,,,,,,,,,,,,,,,,,,,,,,,,,,,,,,,,,,,,,,,,,,,,,,,,,,,,,,,,,,,,,,,,,,,,,,,,,,,,,,,,,,,,,,,,,,,,,,,,,,,,,,,,,,,,,,,,,,,,,,,,,,,,,,,,,,,,,,,,,,,,,,,,,,,,,,,,,,,,,,,,,,,,,,,,,,,,,,,,,,,,,,,
Day252c31,0.000753231,0.000453787,0.000314866,0.004428783,0.002897434,0.003146486,0.189814236,0.114354215,0.079346243,0.07030475,0.04599534,0.049948924,0.170076318,0.1566167,0.100069092,2.699877848,2.486213034,1.58854759,0.00828033,0.004529157,0.005261502,0.458767416,0.457202816,0.458889544,1.328672434,1.326004373,1.305837745,0.044259572,0.023327288,0.037126621,4.288659599,4.902165027,2.137179207,22.92351014,25.24845237,15.08053159,0.108330687,0.058062459,0.055422867,,,,,,,,,,,,,,,,,,,,,,,,,,,,,,,,,,,,,,,,,,,,,,,,,,,,,,,,,,,,,,,,,,,,,,,,,,,,,,,,,,,,,,,,,,,,,,,,,,,,,,,,,,,,,,,,,,,,,,,,,,,,,,,,,,,,,,,,,,,,,,,,,,,,,,,,,,,,,,,,,,,,,,,,,,,,,,,,,,,,,,,,,,,,,,,,,,,,,,,,,,,,,,,,,,,,,,,,,,,,,,,,,,,,,,,,,,,,,,,,,,,,,,,,,,,,,,,,,,,,,,,,,,,,,,,,,,,,,,,,,,,,,,,,,,,,,,,,,,,,,,,,,,,,,,,,
Day22c35,-9.79E-05,-0.000174676,7.41E-05,0.008412005,0.004460435,0.004732611,-0.02468254,-0.044018436,0.0186752,0.133536435,0.070807205,0.075127873,-0.011643668,-0.039161281,0.015658995,-0.184837494,-0.621666059,0.248578842,0.013742532,0.007408785,0.006904364,0.457713767,0.456168758,0.459548446,1.237965964,1.22133048,1.258435307,0.247485342,0.135975537,0.133304799,-0.099733341,-0.3237232,0.140093978,-1.796069306,-5.941384143,2.704839957,0.951793518,0.478938968,0.47800919,,,,,,,,,,,,,,,,,,,,,,,,,,,,,,,,,,,,,,,,,,,,,,,,,,,,,,,,,,,,,,,,,,,,,,,,,,,,,,,,,,,,,,,,,,,,,,,,,,,,,,,,,,,,,,,,,,,,,,,,,,,,,,,,,,,,,,,,,,,,,,,,,,,,,,,,,,,,,,,,,,,,,,,,,,,,,,,,,,,,,,,,,,,,,,,,,,,,,,,,,,,,,,,,,,,,,,,,,,,,,,,,,,,,,,,,,,,,,,,,,,,,,,,,,,,,,,,,,,,,,,,,,,,,,,,,,,,,,,,,,,,,,,,,,,,,,,,,,,,,,,,,,,,,,,,,
Day60c35,0.000328737,4.59E-05,0.000274836,0.006981517,0.003785515,0.003631246,0.082841717,0.011566377,0.069258581,0.110828139,0.060093195,0.057644244,0.047086757,0.012124722,0.075686316,0.7474791,0.192473996,1.201483024,0.012382732,0.006069594,0.006366092,0.457775063,0.456950438,0.459482526,1.267939632,1.250741795,1.282753435,0.129984428,0.075023257,0.064935452,0.637320321,0.154170557,1.066575785,6.69010022,1.905626156,10.87929329,0.418983856,0.215042349,0.209096147,,,,,,,,,,,,,,,,,,,,,,,,,,,,,,,,,,,,,,,,,,,,,,,,,,,,,,,,,,,,,,,,,,,,,,,,,,,,,,,,,,,,,,,,,,,,,,,,,,,,,,,,,,,,,,,,,,,,,,,,,,,,,,,,,,,,,,,,,,,,,,,,,,,,,,,,,,,,,,,,,,,,,,,,,,,,,,,,,,,,,,,,,,,,,,,,,,,,,,,,,,,,,,,,,,,,,,,,,,,,,,,,,,,,,,,,,,,,,,,,,,,,,,,,,,,,,,,,,,,,,,,,,,,,,,,,,,,,,,,,,,,,,,,,,,,,,,,,,,,,,,,,,,,,,,,,
Day126c35,0.000408928,0.000219526,0.000182149,0.006278264,0.003429982,0.0034018,0.10304997,0.055320469,0.045901656,0.099664349,0.054449269,0.054001901,0.065134002,0.064001998,0.053545013,1.033970229,1.016000215,0.850000737,0.010768335,0.005022387,0.006145241,0.457828248,0.45833577,0.45663386,1.269494292,1.274603183,1.271805428,0.097732143,0.051374159,0.050379886,1.054412259,1.076815084,0.911110744,9.569721691,11.014776,7.469463709,0.247694886,0.128676322,0.124173203,,,,,,,,,,,,,,,,,,,,,,,,,,,,,,,,,,,,,,,,,,,,,,,,,,,,,,,,,,,,,,,,,,,,,,,,,,,,,,,,,,,,,,,,,,,,,,,,,,,,,,,,,,,,,,,,,,,,,,,,,,,,,,,,,,,,,,,,,,,,,,,,,,,,,,,,,,,,,,,,,,,,,,,,,,,,,,,,,,,,,,,,,,,,,,,,,,,,,,,,,,,,,,,,,,,,,,,,,,,,,,,,,,,,,,,,,,,,,,,,,,,,,,,,,,,,,,,,,,,,,,,,,,,,,,,,,,,,,,,,,,,,,,,,,,,,,,,,,,,,,,,,,,,,,,,,
Day252c35,0.000823124,0.000457199,0.000386356,0.004920536,0.002775765,0.003074905,0.207427131,0.115214069,0.097361599,0.078111083,0.044063902,0.048812607,0.167283316,0.164710881,0.125647954,2.655540314,2.614704183,1.994599427,0.008113836,0.004648993,0.004821014,0.458520255,0.458617825,0.458012144,1.323257131,1.328507804,1.312556516,0.048900058,0.030678854,0.035768364,4.241858562,3.755487978,2.722003137,25.56462031,24.78258771,20.19525324,0.155104975,0.081612963,0.078646652,,,,,,,,,,,,,,,,,,,,,,,,,,,,,,,,,,,,,,,,,,,,,,,,,,,,,,,,,,,,,,,,,,,,,,,,,,,,,,,,,,,,,,,,,,,,,,,,,,,,,,,,,,,,,,,,,,,,,,,,,,,,,,,,,,,,,,,,,,,,,,,,,,,,,,,,,,,,,,,,,,,,,,,,,,,,,,,,,,,,,,,,,,,,,,,,,,,,,,,,,,,,,,,,,,,,,,,,,,,,,,,,,,,,,,,,,,,,,,,,,,,,,,,,,,,,,,,,,,,,,,,,,,,,,,,,,,,,,,,,,,,,,,,,,,,,,,,,,,,,,,,,,,,,,,,,
Day60change_quant.3-.7,0.000461601,5.96E-05,0.000394967,0.005323327,0.003919349,0.002920468,0.116323465,0.015026485,0.099531769,0.084505202,0.062217729,0.046360994,0.086712881,0.015213984,0.135241106,1.376524314,0.241514511,2.146886003,0.010284883,0.007284483,0.004877671,0.457830516,0.456118786,0.45893765,1.27642108,1.229898995,1.367897936,0.077784964,0.082143529,0.037716506,1.495449245,0.182929621,2.638944564,11.31013942,2.062807313,20.40559476,0.348846632,0.202274187,0.151727084,,,,,,,,,,,,,,,,,,,,,,,,,,,,,,,,,,,,,,,,,,,,,,,,,,,,,,,,,,,,,,,,,,,,,,,,,,,,,,,,,,,,,,,,,,,,,,,,,,,,,,,,,,,,,,,,,,,,,,,,,,,,,,,,,,,,,,,,,,,,,,,,,,,,,,,,,,,,,,,,,,,,,,,,,,,,,,,,,,,,,,,,,,,,,,,,,,,,,,,,,,,,,,,,,,,,,,,,,,,,,,,,,,,,,,,,,,,,,,,,,,,,,,,,,,,,,,,,,,,,,,,,,,,,,,,,,,,,,,,,,,,,,,,,,,,,,,,,,,,,,,,,,,,,,,,,
Day126change_quant.3-.7,0.0005105,0.000100479,0.000398716,0.004460605,0.003891482,0.002860736,0.12864605,0.02532083,0.100476534,0.070809912,0.061775366,0.045412774,0.114446399,0.025820363,0.139375468,1.816780255,0.409885556,2.212516966,0.008121031,0.007189894,0.004745427,0.458315702,0.45807745,0.457494685,1.293377764,1.223767475,1.376941794,0.050041891,0.070797119,0.039201122,2.570767175,0.3576534,2.563103556,15.84109886,3.521725335,21.17333768,0.20812737,0.122403112,0.090878897,,,,,,,,,,,,,,,,,,,,,,,,,,,,,,,,,,,,,,,,,,,,,,,,,,,,,,,,,,,,,,,,,,,,,,,,,,,,,,,,,,,,,,,,,,,,,,,,,,,,,,,,,,,,,,,,,,,,,,,,,,,,,,,,,,,,,,,,,,,,,,,,,,,,,,,,,,,,,,,,,,,,,,,,,,,,,,,,,,,,,,,,,,,,,,,,,,,,,,,,,,,,,,,,,,,,,,,,,,,,,,,,,,,,,,,,,,,,,,,,,,,,,,,,,,,,,,,,,,,,,,,,,,,,,,,,,,,,,,,,,,,,,,,,,,,,,,,,,,,,,,,,,,,,,,,,
Day252change_quant.3-.7,0.000427977,0.000288008,0.000419732,0.00300236,0.003633894,0.002849262,0.107850298,0.07257802,0.105772558,0.047660987,0.057686276,0.04523063,0.142546988,0.079256035,0.147312668,2.26286329,1.258150556,2.338516114,0.004886465,0.006610013,0.00436246,0.45708379,0.459558943,0.457422687,1.316662017,1.260553644,1.383720122,0.03923744,0.046551634,0.03370655,2.748657859,1.559086435,3.138041686,22.07123091,10.98001221,24.24608314,0.127325533,0.076168442,0.05631173,,,,,,,,,,,,,,,,,,,,,,,,,,,,,,,,,,,,,,,,,,,,,,,,,,,,,,,,,,,,,,,,,,,,,,,,,,,,,,,,,,,,,,,,,,,,,,,,,,,,,,,,,,,,,,,,,,,,,,,,,,,,,,,,,,,,,,,,,,,,,,,,,,,,,,,,,,,,,,,,,,,,,,,,,,,,,,,,,,,,,,,,,,,,,,,,,,,,,,,,,,,,,,,,,,,,,,,,,,,,,,,,,,,,,,,,,,,,,,,,,,,,,,,,,,,,,,,,,,,,,,,,,,,,,,,,,,,,,,,,,,,,,,,,,,,,,,,,,,,,,,,,,,,,,,,,
Day60change_quant.2-.8,0.000435658,1.03E-05,0.000411405,0.005001791,0.00395995,0.003098682,0.10978583,0.002583514,0.103674003,0.079400974,0.062862256,0.049190049,0.087100408,0.002588932,0.132767672,1.382676114,0.04109802,2.10762145,0.009601816,0.007123696,0.005128786,0.457864161,0.45525555,0.459610481,1.274021435,1.222732024,1.383094628,0.060991432,0.091027244,0.041148219,1.800020527,0.028381769,2.519525898,11.43386095,0.362664875,20.21414165,0.253698343,0.15054445,0.108308532,,,,,,,,,,,,,,,,,,,,,,,,,,,,,,,,,,,,,,,,,,,,,,,,,,,,,,,,,,,,,,,,,,,,,,,,,,,,,,,,,,,,,,,,,,,,,,,,,,,,,,,,,,,,,,,,,,,,,,,,,,,,,,,,,,,,,,,,,,,,,,,,,,,,,,,,,,,,,,,,,,,,,,,,,,,,,,,,,,,,,,,,,,,,,,,,,,,,,,,,,,,,,,,,,,,,,,,,,,,,,,,,,,,,,,,,,,,,,,,,,,,,,,,,,,,,,,,,,,,,,,,,,,,,,,,,,,,,,,,,,,,,,,,,,,,,,,,,,,,,,,,,,,,,,,,,
Day126change_quant.2-.8,0.000429887,5.30E-05,0.000415714,0.00386312,0.003927863,0.002955711,0.108331491,0.013367,0.104759864,0.061325131,0.062352898,0.046920463,0.111279705,0.013504454,0.140647612,1.766510546,0.214376568,2.232711617,0.006858607,0.007195359,0.004912041,0.457480084,0.455756614,0.45928318,1.290684607,1.224673805,1.382737274,0.047699064,0.073911928,0.040759111,2.271145027,0.180850381,2.570219557,15.79497089,1.857725351,21.32715713,0.147536976,0.089150136,0.063541478,,,,,,,,,,,,,,,,,,,,,,,,,,,,,,,,,,,,,,,,,,,,,,,,,,,,,,,,,,,,,,,,,,,,,,,,,,,,,,,,,,,,,,,,,,,,,,,,,,,,,,,,,,,,,,,,,,,,,,,,,,,,,,,,,,,,,,,,,,,,,,,,,,,,,,,,,,,,,,,,,,,,,,,,,,,,,,,,,,,,,,,,,,,,,,,,,,,,,,,,,,,,,,,,,,,,,,,,,,,,,,,,,,,,,,,,,,,,,,,,,,,,,,,,,,,,,,,,,,,,,,,,,,,,,,,,,,,,,,,,,,,,,,,,,,,,,,,,,,,,,,,,,,,,,,,,
Day252change_quant.2-.8,0.00041364,0.00026704,0.000432664,0.002735308,0.003585077,0.002956063,0.104237243,0.067294125,0.10903129,0.043421663,0.056911334,0.04692605,0.151222423,0.074486594,0.146364881,2.400581549,1.182438022,2.323470455,0.004297641,0.006357948,0.00452054,0.456359332,0.458007773,0.458723419,1.331171032,1.261496996,1.387394451,0.039898086,0.050179088,0.033576441,2.612587526,1.341079092,3.247255706,24.25452638,10.58425248,24.11908455,0.091192747,0.056361773,0.039985614,,,,,,,,,,,,,,,,,,,,,,,,,,,,,,,,,,,,,,,,,,,,,,,,,,,,,,,,,,,,,,,,,,,,,,,,,,,,,,,,,,,,,,,,,,,,,,,,,,,,,,,,,,,,,,,,,,,,,,,,,,,,,,,,,,,,,,,,,,,,,,,,,,,,,,,,,,,,,,,,,,,,,,,,,,,,,,,,,,,,,,,,,,,,,,,,,,,,,,,,,,,,,,,,,,,,,,,,,,,,,,,,,,,,,,,,,,,,,,,,,,,,,,,,,,,,,,,,,,,,,,,,,,,,,,,,,,,,,,,,,,,,,,,,,,,,,,,,,,,,,,,,,,,,,,,,
Day60change_quant.3-.7median,0.000480533,8.81E-05,0.000368796,0.00558367,0.003814844,0.002854043,0.121094335,0.022211585,0.092936632,0.088638008,0.060558771,0.045306532,0.086060442,0.0231048,0.129218841,1.366167158,0.366777331,2.051285514,0.011085047,0.00729174,0.004813346,0.458057609,0.456846977,0.45841548,1.276494311,1.234284442,1.347369149,0.081440636,0.075133638,0.036033047,1.486903118,0.295627701,2.579205506,10.92411525,3.046129421,19.30811181,0.387080421,0.226550959,0.165684101,,,,,,,,,,,,,,,,,,,,,,,,,,,,,,,,,,,,,,,,,,,,,,,,,,,,,,,,,,,,,,,,,,,,,,,,,,,,,,,,,,,,,,,,,,,,,,,,,,,,,,,,,,,,,,,,,,,,,,,,,,,,,,,,,,,,,,,,,,,,,,,,,,,,,,,,,,,,,,,,,,,,,,,,,,,,,,,,,,,,,,,,,,,,,,,,,,,,,,,,,,,,,,,,,,,,,,,,,,,,,,,,,,,,,,,,,,,,,,,,,,,,,,,,,,,,,,,,,,,,,,,,,,,,,,,,,,,,,,,,,,,,,,,,,,,,,,,,,,,,,,,,,,,,,,,,
Day126change_quant.3-.7median,0.000555463,0.00013548,0.000401535,0.004901126,0.003847429,0.002753707,0.139976668,0.03414101,0.101186765,0.07780297,0.061076042,0.043713744,0.113333735,0.035213176,0.145816085,1.799117269,0.558991846,2.314758583,0.00930583,0.007210767,0.004514644,0.458319018,0.457545528,0.458012183,1.293779272,1.235994484,1.364699677,0.054595231,0.061212604,0.035324441,2.563899166,0.557744769,2.864497309,15.04182521,4.734726272,22.41301035,0.240365641,0.140747259,0.104773022,,,,,,,,,,,,,,,,,,,,,,,,,,,,,,,,,,,,,,,,,,,,,,,,,,,,,,,,,,,,,,,,,,,,,,,,,,,,,,,,,,,,,,,,,,,,,,,,,,,,,,,,,,,,,,,,,,,,,,,,,,,,,,,,,,,,,,,,,,,,,,,,,,,,,,,,,,,,,,,,,,,,,,,,,,,,,,,,,,,,,,,,,,,,,,,,,,,,,,,,,,,,,,,,,,,,,,,,,,,,,,,,,,,,,,,,,,,,,,,,,,,,,,,,,,,,,,,,,,,,,,,,,,,,,,,,,,,,,,,,,,,,,,,,,,,,,,,,,,,,,,,,,,,,,,,,
Day252change_quant.3-.7median,0.000517614,0.000297607,0.000426376,0.003406683,0.003611749,0.002757071,0.130438807,0.074996971,0.107446782,0.05407941,0.057334743,0.043767139,0.151940867,0.08239969,0.154648241,2.411986487,1.308054529,2.454964723,0.005663752,0.006648345,0.004142003,0.458113929,0.458840072,0.458074074,1.319040006,1.267683666,1.374964088,0.043151857,0.04759385,0.03182751,3.022785489,1.575770207,3.375909138,23.03045803,11.28054815,25.94077686,0.152041135,0.090213307,0.066982466,,,,,,,,,,,,,,,,,,,,,,,,,,,,,,,,,,,,,,,,,,,,,,,,,,,,,,,,,,,,,,,,,,,,,,,,,,,,,,,,,,,,,,,,,,,,,,,,,,,,,,,,,,,,,,,,,,,,,,,,,,,,,,,,,,,,,,,,,,,,,,,,,,,,,,,,,,,,,,,,,,,,,,,,,,,,,,,,,,,,,,,,,,,,,,,,,,,,,,,,,,,,,,,,,,,,,,,,,,,,,,,,,,,,,,,,,,,,,,,,,,,,,,,,,,,,,,,,,,,,,,,,,,,,,,,,,,,,,,,,,,,,,,,,,,,,,,,,,,,,,,,,,,,,,,,,
Day60change_quant.2-.8median,0.000466898,4.60E-05,0.000397326,0.005252035,0.003901884,0.003042815,0.117658186,0.011586426,0.100126192,0.083373467,0.061940482,0.048303199,0.088898415,0.011783509,0.13057846,1.411218586,0.187057412,2.072868786,0.010458036,0.00704926,0.005154734,0.458032437,0.455229773,0.459639872,1.276855287,1.232008723,1.368431759,0.070641247,0.076720861,0.039349369,1.665573456,0.151020547,2.544543771,11.25050472,1.643637159,19.4241234,0.295634122,0.174988902,0.125799859,,,,,,,,,,,,,,,,,,,,,,,,,,,,,,,,,,,,,,,,,,,,,,,,,,,,,,,,,,,,,,,,,,,,,,,,,,,,,,,,,,,,,,,,,,,,,,,,,,,,,,,,,,,,,,,,,,,,,,,,,,,,,,,,,,,,,,,,,,,,,,,,,,,,,,,,,,,,,,,,,,,,,,,,,,,,,,,,,,,,,,,,,,,,,,,,,,,,,,,,,,,,,,,,,,,,,,,,,,,,,,,,,,,,,,,,,,,,,,,,,,,,,,,,,,,,,,,,,,,,,,,,,,,,,,,,,,,,,,,,,,,,,,,,,,,,,,,,,,,,,,,,,,,,,,,,
Day126change_quant.2-.8median,0.000484093,8.56E-05,0.000414596,0.004186931,0.003821104,0.002900566,0.121991448,0.021583602,0.104478237,0.066465466,0.060658142,0.046045053,0.115620025,0.022414784,0.142936316,1.835411002,0.355823661,2.269043672,0.007486377,0.0068348,0.004832505,0.45794541,0.456880996,0.458454795,1.292007514,1.22807197,1.379761058,0.046271657,0.061239151,0.038802882,2.63641839,0.352447769,2.692538078,16.29512449,3.157898353,21.61989057,0.175042627,0.104995189,0.075202077,,,,,,,,,,,,,,,,,,,,,,,,,,,,,,,,,,,,,,,,,,,,,,,,,,,,,,,,,,,,,,,,,,,,,,,,,,,,,,,,,,,,,,,,,,,,,,,,,,,,,,,,,,,,,,,,,,,,,,,,,,,,,,,,,,,,,,,,,,,,,,,,,,,,,,,,,,,,,,,,,,,,,,,,,,,,,,,,,,,,,,,,,,,,,,,,,,,,,,,,,,,,,,,,,,,,,,,,,,,,,,,,,,,,,,,,,,,,,,,,,,,,,,,,,,,,,,,,,,,,,,,,,,,,,,,,,,,,,,,,,,,,,,,,,,,,,,,,,,,,,,,,,,,,,,,,
Day252change_quant.2-.8median,0.000441744,0.000275987,0.000430965,0.002887944,0.003482194,0.002898667,0.111319426,0.069548765,0.108603286,0.04584469,0.05527811,0.046014911,0.152961328,0.079256697,0.14867711,2.428185804,1.258161061,2.360175957,0.004537884,0.006078042,0.004427719,0.456978182,0.458812543,0.458095789,1.325808258,1.260395136,1.385686199,0.037258643,0.047954898,0.032648105,2.987747739,1.45029533,3.326480508,24.53113006,11.4426273,24.52804137,0.10916905,0.066587966,0.047735723,,,,,,,,,,,,,,,,,,,,,,,,,,,,,,,,,,,,,,,,,,,,,,,,,,,,,,,,,,,,,,,,,,,,,,,,,,,,,,,,,,,,,,,,,,,,,,,,,,,,,,,,,,,,,,,,,,,,,,,,,,,,,,,,,,,,,,,,,,,,,,,,,,,,,,,,,,,,,,,,,,,,,,,,,,,,,,,,,,,,,,,,,,,,,,,,,,,,,,,,,,,,,,,,,,,,,,,,,,,,,,,,,,,,,,,,,,,,,,,,,,,,,,,,,,,,,,,,,,,,,,,,,,,,,,,,,,,,,,,,,,,,,,,,,,,,,,,,,,,,,,,,,,,,,,,,
Day60change_quant.3-.7std,0.000485056,7.04E-05,0.000386966,0.005367117,0.003940802,0.002982319,0.122234172,0.017737923,0.097515328,0.085200342,0.062558296,0.047342849,0.090375566,0.017861486,0.129753245,1.434667633,0.283542299,2.059768908,0.010510266,0.007332104,0.005066906,0.457942451,0.455956571,0.458987015,1.278377655,1.232309447,1.365338983,0.073666823,0.076682134,0.038226791,1.65928388,0.231317546,2.550968169,11.62997861,2.419213413,19.2455382,0.38178727,0.217459937,0.169481972,,,,,,,,,,,,,,,,,,,,,,,,,,,,,,,,,,,,,,,,,,,,,,,,,,,,,,,,,,,,,,,,,,,,,,,,,,,,,,,,,,,,,,,,,,,,,,,,,,,,,,,,,,,,,,,,,,,,,,,,,,,,,,,,,,,,,,,,,,,,,,,,,,,,,,,,,,,,,,,,,,,,,,,,,,,,,,,,,,,,,,,,,,,,,,,,,,,,,,,,,,,,,,,,,,,,,,,,,,,,,,,,,,,,,,,,,,,,,,,,,,,,,,,,,,,,,,,,,,,,,,,,,,,,,,,,,,,,,,,,,,,,,,,,,,,,,,,,,,,,,,,,,,,,,,,,
Day126change_quant.3-.7std,0.000538517,0.00010106,0.000393983,0.004412083,0.003805742,0.002919735,0.135706387,0.025467119,0.099283755,0.070039647,0.060414281,0.04634936,0.122055139,0.026554611,0.134937972,1.937565257,0.421541379,2.142073905,0.008190212,0.006974917,0.004869373,0.458438624,0.457053519,0.458269351,1.296894316,1.228065701,1.373523756,0.046559797,0.066802079,0.040743834,2.914668758,0.381232441,2.436779881,16.5693373,3.651243581,20.3894345,0.222032988,0.129430598,0.097757029,,,,,,,,,,,,,,,,,,,,,,,,,,,,,,,,,,,,,,,,,,,,,,,,,,,,,,,,,,,,,,,,,,,,,,,,,,,,,,,,,,,,,,,,,,,,,,,,,,,,,,,,,,,,,,,,,,,,,,,,,,,,,,,,,,,,,,,,,,,,,,,,,,,,,,,,,,,,,,,,,,,,,,,,,,,,,,,,,,,,,,,,,,,,,,,,,,,,,,,,,,,,,,,,,,,,,,,,,,,,,,,,,,,,,,,,,,,,,,,,,,,,,,,,,,,,,,,,,,,,,,,,,,,,,,,,,,,,,,,,,,,,,,,,,,,,,,,,,,,,,,,,,,,,,,,,
Day252change_quant.3-.7std,0.00047206,0.000282111,0.000423645,0.002973534,0.003531466,0.002901038,0.118959233,0.071091937,0.106758537,0.047203388,0.056060279,0.046052553,0.158754013,0.079884923,0.146032202,2.520141823,1.268133841,2.318189341,0.0047276,0.006411179,0.004485642,0.457495752,0.458179324,0.458479864,1.324009316,1.264508982,1.380788635,0.035767278,0.043907693,0.034488633,3.325923607,1.619122601,3.095470221,25.16271135,11.0887456,23.80005778,0.133919088,0.079303055,0.059770672,,,,,,,,,,,,,,,,,,,,,,,,,,,,,,,,,,,,,,,,,,,,,,,,,,,,,,,,,,,,,,,,,,,,,,,,,,,,,,,,,,,,,,,,,,,,,,,,,,,,,,,,,,,,,,,,,,,,,,,,,,,,,,,,,,,,,,,,,,,,,,,,,,,,,,,,,,,,,,,,,,,,,,,,,,,,,,,,,,,,,,,,,,,,,,,,,,,,,,,,,,,,,,,,,,,,,,,,,,,,,,,,,,,,,,,,,,,,,,,,,,,,,,,,,,,,,,,,,,,,,,,,,,,,,,,,,,,,,,,,,,,,,,,,,,,,,,,,,,,,,,,,,,,,,,,,
Day60change_quant.2-.8std,0.00044987,2.26E-05,0.00041525,0.005025921,0.003903244,0.003102333,0.113367208,0.005701298,0.104642879,0.079784019,0.061962085,0.049248017,0.089509941,0.005796255,0.133850705,1.420926264,0.092012691,2.124814062,0.009487764,0.0071321,0.00510353,0.458161277,0.455144894,0.459507131,1.273922605,1.225695186,1.386393785,0.065298412,0.088240007,0.040903871,1.736140349,0.064611262,2.558263439,11.94877985,0.799385637,20.50402119,0.270003585,0.158303812,0.116854412,,,,,,,,,,,,,,,,,,,,,,,,,,,,,,,,,,,,,,,,,,,,,,,,,,,,,,,,,,,,,,,,,,,,,,,,,,,,,,,,,,,,,,,,,,,,,,,,,,,,,,,,,,,,,,,,,,,,,,,,,,,,,,,,,,,,,,,,,,,,,,,,,,,,,,,,,,,,,,,,,,,,,,,,,,,,,,,,,,,,,,,,,,,,,,,,,,,,,,,,,,,,,,,,,,,,,,,,,,,,,,,,,,,,,,,,,,,,,,,,,,,,,,,,,,,,,,,,,,,,,,,,,,,,,,,,,,,,,,,,,,,,,,,,,,,,,,,,,,,,,,,,,,,,,,,,
Day126change_quant.2-.8std,0.000426484,4.62E-05,0.000415034,0.003898495,0.003894557,0.00297393,0.107474061,0.011638276,0.10458858,0.061886687,0.061824182,0.047209671,0.109397188,0.011858507,0.139557449,1.736626524,0.188247962,2.215405829,0.006974189,0.007240392,0.004921024,0.457707217,0.455754897,0.459315668,1.289839533,1.223111942,1.383208161,0.044769977,0.078000749,0.041392458,2.400583331,0.149207237,2.526754513,15.4102586,1.607409729,21.2534177,0.156163536,0.093373643,0.067944533,,,,,,,,,,,,,,,,,,,,,,,,,,,,,,,,,,,,,,,,,,,,,,,,,,,,,,,,,,,,,,,,,,,,,,,,,,,,,,,,,,,,,,,,,,,,,,,,,,,,,,,,,,,,,,,,,,,,,,,,,,,,,,,,,,,,,,,,,,,,,,,,,,,,,,,,,,,,,,,,,,,,,,,,,,,,,,,,,,,,,,,,,,,,,,,,,,,,,,,,,,,,,,,,,,,,,,,,,,,,,,,,,,,,,,,,,,,,,,,,,,,,,,,,,,,,,,,,,,,,,,,,,,,,,,,,,,,,,,,,,,,,,,,,,,,,,,,,,,,,,,,,,,,,,,,,
Day252change_quant.2-.8std,0.000408527,0.00026724,0.000431956,0.002691964,0.003596646,0.002980008,0.102948821,0.067344536,0.108852958,0.042733611,0.057094979,0.047306157,0.151757973,0.074302628,0.144951361,2.409083139,1.179517652,2.301031514,0.004282431,0.006366237,0.004558434,0.456538858,0.458177083,0.458452156,1.325845458,1.260869858,1.389969404,0.039069758,0.050905977,0.033632706,2.635000258,1.322920008,3.236520932,24.03980959,10.57838944,23.87946342,0.096533278,0.059222178,0.042465739,,,,,,,,,,,,,,,,,,,,,,,,,,,,,,,,,,,,,,,,,,,,,,,,,,,,,,,,,,,,,,,,,,,,,,,,,,,,,,,,,,,,,,,,,,,,,,,,,,,,,,,,,,,,,,,,,,,,,,,,,,,,,,,,,,,,,,,,,,,,,,,,,,,,,,,,,,,,Day22cid_ceunnormalized,0.000297418,-0.000150301,0.000466582,0.005982321,0.00468262,0.003158834,0.074949264,-0.037875753,0.117578788,0.094966407,0.074334292,0.050144935,0.049716105,-0.032097544,0.147707191,0.789218698,-0.509532711,2.34477897,0.010627791,0.008699532,0.004679409,0.457115861,0.44957942,0.463174151,1.259851779,1.230422818,1.4004846,0.086529735,0.152786636,0.035708725,0.866167729,-0.24789965,3.292718717,7.052196042,-4.353769133,25.12684446,0.35358348,0.203936498,0.154801621Day22cid_ce_unnorm,0.000297418,-0.000150301,0.000466582,0.005982321,0.00468262,0.003158834,0.074949264,-0.037875753,0.117578788,0.094966407,0.074334292,0.050144935,0.049716105,-0.032097544,0.147707191,0.789218698,-0.509532711,2.34477897,0.010627791,0.008699532,0.004679409,0.457115861,0.44957942,0.463174151,1.259851779,1.230422818,1.4004846,0.086529735,0.152786636,0.035708725,0.866167729,-0.24789965,3.292718717,7.052196042,-4.353769133,25.12684446,0.35358348,0.203936498,0.154801621,,,,,,,,,,,,,,,,,,,,,,,,,,,,,,,,,,,,,,,,,,,,,,,,,,,,,,,,,,,,,,,,,,,,,,,,,,,,,,
Day60cid_ce_unnorm,0.000430019,-6.80E-07,0.000427802,0.005118423,0.004134166,0.003145368,0.108364667,-0.000171252,0.10780613,0.081252443,0.065627857,0.049931167,0.084013873,-0.00016438,0.136010196,1.333678888,-0.002609446,2.159094923,0.009355761,0.00764055,0.005390039,0.457585695,0.453841282,0.460920325,1.277560866,1.232559258,1.395974005,0.071669527,0.094844699,0.043012468,1.512004777,-0.001805608,2.506392592,11.58266747,-0.022413618,20.00099099,0.169371571,0.097161187,0.077365024,,,,,,,,,,,,,,,,,,,,,,,,,,,,,,,,,,,,,,,,,,,,,,,,,,,,,,,,,,,,,,,,,,,,,,,,,,,,,,,,,,,,,,,,,,,,,,,,,,,,,,,,,,,,,,,,,,,,,,,,,,,,,,,,,,,,,,,,,,,,,,,,,,,,,,,,,,,,,,,,,,,,,,,,,,,,,,,,,,,,,,,,,,,,,,,,,,,,,,,,,,,,,,,,,,,,,,,,,,,,,,,,,,,,,,,,,,,,,,,,,,,,,,,,,,,,,,,,,,,,,,,,,,,,,,,,,,,,,,,,,,,,,,,,,,,,,,,,,,,,,,,,,,,,,,,,
Day126cid_ce_unnorm,0.000445658,1.27E-05,0.000424584,0.004237535,0.00396375,0.003030455,0.112305707,0.003200011,0.106995236,0.067268784,0.062922573,0.048106974,0.105169057,0.003203648,0.140105806,1.669507018,0.050856334,2.224110721,0.007498693,0.007093714,0.00492072,0.457659683,0.454045849,0.460890085,1.294632156,1.230378628,1.388741758,0.052204213,0.08631899,0.038962862,2.1512767,0.037071928,2.746082598,14.97670371,0.451105185,21.74381605,0.101086818,0.058922902,0.047318556,,,,,,,,,,,,,,,,,,,,,,,,,,,,,,,,,,,,,,,,,,,,,,,,,,,,,,,,,,,,,,,,,,,,,,,,,,,,,,,,,,,,,,,,,,,,,,,,,,,,,,,,,,,,,,,,,,,,,,,,,,,,,,,,,,,,,,,,,,,,,,,,,,,,,,,,,,,,,,,,,,,,,,,,,,,,,,,,,,,,,,,,,,,,,,,,,,,,,,,,,,,,,,,,,,,,,,,,,,,,,,,,,,,,,,,,,,,,,,,,,,,,,,,,,,,,,,,,,,,,,,,,,,,,,,,,,,,,,,,,,,,,,,,,,,,,,,,,,,,,,,,,,,,,,,,,
Day252cid_ce_unnorm,0.000474756,0.000313893,0.000419637,0.002879648,0.00351824,0.002968999,0.119638551,0.079101114,0.105748431,0.045713002,0.055850328,0.047131403,0.16486601,0.089218845,0.141339417,2.617166768,1.416305264,2.243693683,0.00504143,0.006488043,0.004505709,0.457286081,0.455945224,0.46058802,1.347768833,1.289316884,1.386996368,0.044212067,0.046381981,0.036265796,2.706015772,1.705427677,2.915927457,23.73107418,12.19182936,23.46987605,0.063646321,0.038469136,0.030331824,,,,,,,,,,,,,,,,,,,,,,,,,,,,,,,,,,,,,,,,,,,,,,,,,,,,,,,,,,,,,,,,,,,,,,,,,,,,,,,,,,,,,,,,,,,,,,,,,,,,,,,,,,,,,,,,,,,,,,,,,,,,,,,,,,,,,,,,,,,,,,,,,,,,,,,,,,,,,,,,,,,,,,,,,,,,,,,,,,,,,,,,,,,,,,,,,,,,,,,,,,,,,,,,,,,,,,,,,,,,,,,,,,,,,,,,,,,,,,,,,,,,,,,,,,,,,,,,,,,,,,,,,,,,,,,,,,,,,,,,,,,,,,,,,,,,,,,,,,,,,,,,,,,,,,,,
Day22cid_ce_norm,0.000709827,0.000314208,0.000384457,0.005754663,0.003132544,0.003041071,0.17887636,0.079180457,0.096883262,0.091352438,0.049727587,0.048275512,0.123348121,0.100304484,0.12642169,1.958090717,1.592284321,2.006882114,0.010710445,0.00466642,0.006400365,0.457713981,0.456325881,0.459297774,1.311657545,1.32088008,1.306638367,0.071043182,0.038618606,0.034546526,2.517853988,2.050318863,2.804428501,16.70111314,16.96813775,15.13714535,0.747837042,0.351678421,0.401313261,,,,,,,,,,,,,,,,,,,,,,,,,,,,,,,,,,,,,,,,,,,,,,,,,,,,,,,,,,,,,,,,,,,,,,,,,,,,,,,,,,,,,,,,,,,,,,,,,,,,,,,,,,,,,,,,,,,,,,,,,,,,,,,,,,,,,,,,,,,,,,,,,,,,,,,,,,,,,,,,,,,,,,,,,,,,,,,,,,,,,,,,,,,,,,,,,,,,,,,,,,,,,,,,,,,,,,,,,,,,,,,,,,,,,,,,,,,,,,,,,,,,,,,,,,,,,,,,,,,,,,,,,,,,,,,,,,,,,,,,,,,,,,,,,,,,,,,,,,,,,,,,,,,,,,,,
Day60cid_ce_norm,0.000797584,0.000406883,0.000377958,0.005516711,0.00313964,0.002865194,0.200991233,0.102534424,0.095245294,0.087575074,0.049840237,0.045483549,0.144576042,0.129595321,0.1319134,2.295073517,2.057261944,2.094060308,0.010286687,0.005053601,0.005827447,0.45782075,0.458105582,0.457350803,1.326008913,1.348860811,1.314139206,0.066541635,0.035270159,0.034533205,3.020533446,2.907115425,2.758078579,19.53896656,20.28937877,16.34425621,0.413004301,0.20018374,0.217975201,,,,,,,,,,,,,,,,,,,,,,,,,,,,,,,,,,,,,,,,,,,,,,,,,,,,,,,,,,,,,,,,,,,,,,,,,,,,,,,,,,,,,,,,,,,,,,,,,,,,,,,,,,,,,,,,,,,,,,,,,,,,,,,,,,,,,,,,,,,,,,,,,,,,,,,,,,,,,,,,,,,,,,,,,,,,,,,,,,,,,,,,,,,,,,,,,,,,,,,,,,,,,,,,,,,,,,,,,,,,,,,,,,,,,,,,,,,,,,,,,,,,,,,,,,,,,,,,,,,,,,,,,,,,,,,,,,,,,,,,,,,,,,,,,,,,,,,,,,,,,,,,,,,,,,,,
Day126cid_ce_norm,0.000854274,0.000321321,0.000510777,0.005364789,0.002998568,0.002894948,0.215277037,0.080972945,0.128715703,0.085163391,0.047600791,0.04595588,0.159237184,0.107158221,0.176437208,2.527811925,1.701084019,2.800853839,0.009598554,0.004865822,0.004916767,0.457681305,0.455866026,0.45997792,1.33723214,1.333135779,1.33132869,0.057589166,0.031734064,0.027570574,3.738151685,2.551609702,4.668589928,22.42807047,16.64116473,26.17892897,0.258944132,0.129819342,0.134279429,,,,,,,,,,,,,,,,,,,,,,,,,,,,,,,,,,,,,,,,,,,,,,,,,,,,,,,,,,,,,,,,,,,,,,,,,,,,,,,,,,,,,,,,,,,,,,,,,,,,,,,,,,,,,,,,,,,,,,,,,,,,,,,,,,,,,,,,,,,,,,,,,,,,,,,,,,,,,,,,,,,,,,,,,,,,,,,,,,,,,,,,,,,,,,,,,,,,,,,,,,,,,,,,,,,,,,,,,,,,,,,,,,,,,,,,,,,,,,,,,,,,,,,,,,,,,,,,,,,,,,,,,,,,,,,,,,,,,,,,,,,,,,,,,,,,,,,,,,,,,,,,,,,,,,,,
Day252cid_ce_norm,0.000776864,0.000360634,0.000506269,0.004454379,0.002791781,0.003004895,0.19576973,0.090879766,0.127579846,0.070711077,0.044318156,0.047701227,0.174404552,0.129177015,0.168481511,2.768586437,2.050621541,2.674561074,0.007854841,0.004948583,0.005149982,0.457786674,0.456266668,0.460826262,1.342388922,1.34388049,1.326096608,0.037653683,0.031213264,0.024695935,5.19921859,2.911575233,5.166026189,24.92344752,18.36480436,24.77287131,0.165005038,0.086027766,0.084131911,,,,,,,,,,,,,,,,,,,,,,,,,,,,,,,,,,,,,,,,,,,,,,,,,,,,,,,,,,,,,,,,,,,,,,,,,,,,,,,,,,,,,,,,,,,,,,,,,,,,,,,,,,,,,,,,,,,,,,,,,,,,,,,,,,,,,,,,,,,,,,,,,,,,,,,,,,,,,,,,,,,,,,,,,,,,,,,,,,,,,,,,,,,,,,,,,,,,,,,,,,,,,,,,,,,,,,,,,,,,,,,,,,,,,,,,,,,,,,,,,,,,,,,,,,,,,,,,,,,,,,,,,,,,,,,,,,,,,,,,,,,,,,,,,,,,,,,,,,,,,,,,,,,,,,,,
Day60ener_ratio_chunks_10_5,0.000692054,0.000303654,0.000387997,0.005348578,0.002969578,0.00293657,0.17439764,0.0765208,0.097775155,0.084906044,0.047140582,0.0466166,0.129390302,0.102254939,0.132125804,2.054007365,1.623246832,2.09743212,0.00939817,0.004834263,0.004771895,0.457761638,0.45734106,0.458012344,1.309168329,1.300352947,1.324143776,0.053052697,0.030139435,0.027776792,3.287253052,2.538893004,3.520030499,18.55655234,15.82884397,20.48979741,1.16023681,0.728043593,0.437347857,,,,,,,,,,,,,,,,,,,,,,,,,,,,,,,,,,,,,,,,,,,,,,,,,,,,,,,,,,,,,,,,,,,,,,,,,,,,,,,,,,,,,,,,,,,,,,,,,,,,,,,,,,,,,,,,,,,,,,,,,,,,,,,,,,,,,,,,,,,,,,,,,,,,,,,,,,,,,,,,,,,,,,,,,,,,,,,,,,,,,,,,,,,,,,,,,,,,,,,,,,,,,,,,,,,,,,,,,,,,,,,,,,,,,,,,,,,,,,,,,,,,,,,,,,,,,,,,,,,,,,,,,,,,,,,,,,,,,,,,,,,,,,,,,,,,,,,,,,,,,,,,,,,,,,,,
Day126ener_ratio_chunks_10_5,0.000734582,0.000405666,0.000326261,0.005541922,0.003165647,0.003024083,0.185114633,0.102227794,0.082217761,0.087975284,0.050253085,0.048005824,0.132550021,0.128146277,0.107887579,2.104166352,2.034259085,1.712662216,0.009945425,0.004453598,0.005912161,0.457786987,0.460719562,0.456055471,1.321563179,1.329263573,1.316520748,0.059006353,0.032140411,0.041246159,3.137198363,3.18066232,1.993343431,18.61304435,22.95397945,13.90655045,0.661051575,0.402946054,0.263260161,,,,,,,,,,,,,,,,,,,,,,,,,,,,,,,,,,,,,,,,,,,,,,,,,,,,,,,,,,,,,,,,,,,,,,,,,,,,,,,,,,,,,,,,,,,,,,,,,,,,,,,,,,,,,,,,,,,,,,,,,,,,,,,,,,,,,,,,,,,,,,,,,,,,,,,,,,,,,,,,,,,,,,,,,,,,,,,,,,,,,,,,,,,,,,,,,,,,,,,,,,,,,,,,,,,,,,,,,,,,,,,,,,,,,,,,,,,,,,,,,,,,,,,,,,,,,,,,,,,,,,,,,,,,,,,,,,,,,,,,,,,,,,,,,,,,,,,,,,,,,,,,,,,,,,,,
Day252ener_ratio_chunks_10_5,0.000958472,0.000543965,0.000416539,0.00545024,0.003628157,0.002537631,0.241534823,0.137079149,0.104967912,0.086519871,0.057595199,0.04028365,0.175858603,0.149928724,0.164144931,2.791668771,2.380044704,2.605719991,0.01014102,0.00605134,0.00399981,0.458372346,0.460267987,0.457405358,1.35349602,1.390206477,1.330368625,0.053908928,0.044727855,0.025457274,4.480423413,3.06473784,4.123297394,23.81760668,22.6526937,26.2432225,0.400289484,0.239120856,0.166323267,,,,,,,,,,,,,,,,,,,,,,,,,,,,,,,,,,,,,,,,,,,,,,,,,,,,,,,,,,,,,,,,,,,,,,,,,,,,,,,,,,,,,,,,,,,,,,,,,,,,,,,,,,,,,,,,,,,,,,,,,,,,,,,,,,,,,,,,,,,,,,,,,,,,,,,,,,,,,,,,,,,,,,,,,,,,,,,,,,,,,,,,,,,,,,,,,,,,,,,,,,,,,,,,,,,,,,,,,,,,,,,,,,,,,,,,,,,,,,,,,,,,,,,,,,,,,,,,,,,,,,,,,,,,,,,,,,,,,,,,,,,,,,,,,,,,,,,,,,,,,,,,,,,,,,,,
Day60ener_ratio_chunks_10_9,0.000539201,0.000123109,0.000413076,0.005930619,0.00414255,0.002992557,0.135878633,0.03102344,0.104095209,0.094145665,0.065760942,0.047505364,0.090918146,0.029718142,0.138034554,1.443280826,0.471760874,2.191230614,0.011439698,0.007125824,0.004224642,0.457834301,0.453634711,0.459759126,1.286184065,1.273804193,1.340837186,0.074570919,0.075085074,0.028648733,1.822139706,0.413177186,3.633501252,11.87781656,4.353663207,24.64000937,1.014557772,0.646849205,0.372863207,,,,,,,,,,,,,,,,,,,,,,,,,,,,,,,,,,,,,,,,,,,,,,,,,,,,,,,,,,,,,,,,,,,,,,,,,,,,,,,,,,,,,,,,,,,,,,,,,,,,,,,,,,,,,,,,,,,,,,,,,,,,,,,,,,,,,,,,,,,,,,,,,,,,,,,,,,,,,,,,,,,,,,,,,,,,,,,,,,,,,,,,,,,,,,,,,,,,,,,,,,,,,,,,,,,,,,,,,,,,,,,,,,,,,,,,,,,,,,,,,,,,,,,,,,,,,,,,,,,,,,,,,,,,,,,,,,,,,,,,,,,,,,,,,,,,,,,,,,,,,,,,,,,,,,,,
Day126ener_ratio_chunks_10_9,0.000550519,0.000144799,0.000405364,0.005335268,0.003493238,0.003178069,0.138730784,0.036489341,0.102151839,0.084694748,0.055453435,0.050450287,0.103184887,0.041451218,0.127550533,1.638009297,0.65801768,2.024801947,0.010069222,0.005643911,0.004363079,0.457805145,0.453569575,0.459869485,1.283073737,1.267950218,1.35178968,0.05779937,0.067543264,0.031878802,2.400212743,0.54023656,3.204381371,13.77770633,6.465258172,23.41278955,0.599937691,0.374488763,0.230603567,,,,,,,,,,,,,,,,,,,,,,,,,,,,,,,,,,,,,,,,,,,,,,,,,,,,,,,,,,,,,,,,,,,,,,,,,,,,,,,,,,,,,,,,,,,,,,,,,,,,,,,,,,,,,,,,,,,,,,,,,,,,,,,,,,,,,,,,,,,,,,,,,,,,,,,,,,,,,,,,,,,,,,,,,,,,,,,,,,,,,,,,,,,,,,,,,,,,,,,,,,,,,,,,,,,,,,,,,,,,,,,,,,,,,,,,,,,,,,,,,,,,,,,,,,,,,,,,,,,,,,,,,,,,,,,,,,,,,,,,,,,,,,,,,,,,,,,,,,,,,,,,,,,,,,,,
Day252ener_ratio_chunks_10_9,0.000656115,0.00014564,0.000504863,0.004827423,0.003065519,0.00320236,0.165340914,0.036701158,0.127225388,0.076632959,0.048663613,0.050835884,0.135914086,0.047508919,0.157653324,2.157569226,0.754180715,2.502668937,0.008741308,0.004819099,0.004370005,0.458476659,0.453242736,0.460847127,1.295383947,1.265981952,1.394412612,0.044113038,0.040416942,0.032649589,3.748118989,0.908063719,3.896691848,18.91489344,7.615772602,29.11332733,0.347387604,0.209429202,0.143113041,,,,,,,,,,,,,,,,,,,,,,,,,,,,,,,,,,,,,,,,,,,,,,,,,,,,,,,,,,,,,,,,,,,,,,,,,,,,,,,,,,,,,,,,,,,,,,,,,,,,,,,,,,,,,,,,,,,,,,,,,,,,,,,,,,,,,,,,,,,,,,,,,,,,,,,,,,,,,,,,,,,,,,,,,,,,,,,,,,,,,,,,,,,,,,,,,,,,,,,,,,,,,,,,,,,,,,,,,,,,,,,,,,,,,,,,,,,,,,,,,,,,,,,,,,,,,,,,,,,,,,,,,,,,,,,,,,,,,,,,,,,,,,,,,,,,,,,,,,,,,,,,,,,,,,,,
Day60fft_coeff_2_abs,0.000669008,0.000224694,0.000428196,0.005349979,0.003087855,0.003089358,0.168590016,0.056622798,0.107905455,0.084928287,0.049018182,0.049042034,0.12504871,0.072766897,0.138603648,1.985086726,1.155138676,2.200264699,0.010300381,0.005715275,0.005334037,0.457892148,0.456035442,0.458890028,1.299269436,1.265394594,1.366586433,0.07175712,0.061720952,0.039586394,2.349453491,0.917399941,2.725821785,16.36735775,9.907274154,20.22960401,0.416976131,0.214318436,0.207812334,,,,,,,,,,,,,,,,,,,,,,,,,,,,,,,,,,,,,,,,,,,,,,,,,,,,,,,,,,,,,,,,,,,,,,,,,,,,,,,,,,,,,,,,,,,,,,,,,,,,,,,,,,,,,,,,,,,,,,,,,,,,,,,,,,,,,,,,,,,,,,,,,,,,,,,,,,,,,,,,,,,,,,,,,,,,,,,,,,,,,,,,,,,,,,,,,,,,,,,,,,,,,,,,,,,,,,,,,,,,,,,,,,,,,,,,,,,,,,,,,,,,,,,,,,,,,,,,,,,,,,,,,,,,,,,,,,,,,,,,,,,,,,,,,,,,,,,,,,,,,,,,,,,,,,,,
Day126fft_coeff_2_abs,0.000647087,0.000231605,0.000387986,0.005242804,0.003224147,0.002944719,0.163065934,0.05836441,0.097772596,0.083226929,0.051181744,0.046745963,0.123423853,0.071834447,0.131756716,1.959292924,1.140336495,2.09157302,0.009662654,0.005522421,0.004711993,0.458180668,0.457251665,0.458145939,1.294809403,1.257558639,1.349685054,0.055667176,0.04200645,0.037981811,2.929301355,1.389415424,2.574195193,16.87589527,10.56862804,20.74973167,0.295150066,0.147403702,0.152901003,,,,,,,,,,,,,,,,,,,,,,,,,,,,,,,,,,,,,,,,,,,,,,,,,,,,,,,,,,,,,,,,,,,,,,,,,,,,,,,,,,,,,,,,,,,,,,,,,,,,,,,,,,,,,,,,,,,,,,,,,,,,,,,,,,,,,,,,,,,,,,,,,,,,,,,,,,,,,,,,,,,,,,,,,,,,,,,,,,,,,,,,,,,,,,,,,,,,,,,,,,,,,,,,,,,,,,,,,,,,,,,,,,,,,,,,,,,,,,,,,,,,,,,,,,,,,,,,,,,,,,,,,,,,,,,,,,,,,,,,,,,,,,,,,,,,,,,,,,,,,,,,,,,,,,,,
Day252fft_coeff_2_abs,0.000776977,0.00032326,0.000468984,0.004681575,0.002976455,0.002755226,0.195798134,0.08146151,0.118184032,0.074317705,0.047249762,0.04373785,0.1659648,0.108605687,0.170216281,2.634609528,1.724061827,2.702099685,0.007975481,0.004665263,0.00422319,0.458606358,0.457140201,0.45916549,1.322263131,1.285934975,1.370213063,0.046100052,0.034537433,0.031122643,4.24724323,2.358644014,3.797364876,24.55001077,17.46129065,27.98454084,0.216173319,0.106154119,0.115173839,,,,,,,,,,,,,,,,,,,,,,,,,,,,,,,,,,,,,,,,,,,,,,,,,,,,,,,,,,,,,,,,,,,,,,,,,,,,,,,,,,,,,,,,,,,,,,,,,,,,,,,,,,,,,,,,,,,,,,,,,,,,,,,,,,,,,,,,,,,,,,,,,,,,,,,,,,,,,,,,,,,,,,,,,,,,,,,,,,,,,,,,,,,,,,,,,,,,,,,,,,,,,,,,,,,,,,,,,,,,,,,,,,,,,,,,,,,,,,,,,,,,,,,,,,,,,,,,,,,,,,,,,,,,,,,,,,,,,,,,,,,,,,,,,,,,,,,,,,,,,,,,,,,,,,,,
Day60fft_coeff_3_abs,0.000599729,0.000186269,0.000391246,0.005465693,0.003463402,0.002877633,0.151131687,0.046939701,0.098594087,0.086765184,0.0549798,0.045681,0.109726055,0.053781993,0.135961204,1.741847129,0.853762677,2.158317198,0.010341705,0.006091746,0.004778284,0.45773711,0.4562766,0.458709776,1.293721931,1.262912138,1.351444349,0.062231135,0.069226485,0.037495071,2.428554257,0.678059867,2.6295213,14.61380812,7.705458956,20.6337871,0.425401689,0.218755239,0.211801089,,,,,,,,,,,,,,,,,,,,,,,,,,,,,,,,,,,,,,,,,,,,,,,,,,,,,,,,,,,,,,,,,,,,,,,,,,,,,,,,,,,,,,,,,,,,,,,,,,,,,,,,,,,,,,,,,,,,,,,,,,,,,,,,,,,,,,,,,,,,,,,,,,,,,,,,,,,,,,,,,,,,,,,,,,,,,,,,,,,,,,,,,,,,,,,,,,,,,,,,,,,,,,,,,,,,,,,,,,,,,,,,,,,,,,,,,,,,,,,,,,,,,,,,,,,,,,,,,,,,,,,,,,,,,,,,,,,,,,,,,,,,,,,,,,,,,,,,,,,,,,,,,,,,,,,,
Day126fft_coeff_3_abs,0.000698546,0.000283804,0.000396062,0.005263161,0.003299264,0.002781879,0.176033704,0.071518491,0.099807598,0.08355009,0.052374188,0.044160963,0.132723747,0.086020264,0.142372068,2.106924164,1.365529352,2.260086515,0.009686845,0.005498578,0.00452803,0.457762628,0.457092488,0.458305194,1.307923464,1.275337463,1.350114521,0.064422958,0.05866753,0.034819216,2.732468512,1.219047249,2.866451636,18.17245051,13.0067253,22.04216997,0.300389601,0.151209616,0.154334624,,,,,,,,,,,,,,,,,,,,,,,,,,,,,,,,,,,,,,,,,,,,,,,,,,,,,,,,,,,,,,,,,,,,,,,,,,,,,,,,,,,,,,,,,,,,,,,,,,,,,,,,,,,,,,,,,,,,,,,,,,,,,,,,,,,,,,,,,,,,,,,,,,,,,,,,,,,,,,,,,,,,,,,,,,,,,,,,,,,,,,,,,,,,,,,,,,,,,,,,,,,,,,,,,,,,,,,,,,,,,,,,,,,,,,,,,,,,,,,,,,,,,,,,,,,,,,,,,,,,,,,,,,,,,,,,,,,,,,,,,,,,,,,,,,,,,,,,,,,,,,,,,,,,,,,,
Day252fft_coeff_3_abs,0.000766637,0.000347105,0.000415986,0.004532448,0.002707175,0.002744516,0.193192484,0.087470567,0.104828394,0.071950379,0.042975078,0.043567845,0.169144107,0.12821682,0.151569768,2.685079464,2.035378912,2.406095481,0.007474981,0.003785988,0.004824407,0.459005262,0.456363296,0.459766771,1.317141205,1.291737767,1.349147982,0.043082926,0.025894961,0.031956773,4.484200656,3.377899112,3.280318555,25.84521538,23.10376184,21.72876293,0.214479236,0.105968022,0.113665853,,,,,,,,,,,,,,,,,,,,,,,,,,,,,,,,,,,,,,,,,,,,,,,,,,,,,,,,,,,,,,,,,,,,,,,,,,,,,,,,,,,,,,,,,,,,,,,,,,,,,,,,,,,,,,,,,,,,,,,,,,,,,,,,,,,,,,,,,,,,,,,,,,,,,,,,,,,,,,,,,,,,,,,,,,,,,,,,,,,,,,,,,,,,,,,,,,,,,,,,,,,,,,,,,,,,,,,,,,,,,,,,,,,,,,,,,,,,,,,,,,,,,,,,,,,,,,,,,,,,,,,,,,,,,,,,,,,,,,,,,,,,,,,,,,,,,,,,,,,,,,,,,,,,,,,,
Day60fft_coeff_5_abs,0.000660929,0.000280776,0.000373169,0.005383112,0.003273978,0.002890888,0.166554056,0.070755471,0.094038704,0.085454262,0.051972787,0.045891422,0.122778188,0.085759799,0.129084724,1.949043305,1.361394598,2.04915646,0.010209299,0.006514781,0.004550706,0.457766922,0.457243725,0.458159968,1.301121459,1.276583802,1.343285274,0.075912159,0.067006021,0.04117942,2.194036611,1.055956915,2.283633519,16.31395662,10.86075959,20.66464004,0.437173645,0.223960095,0.218368189,,,,,,,,,,,,,,,,,,,,,,,,,,,,,,,,,,,,,,,,,,,,,,,,,,,,,,,,,,,,,,,,,,,,,,,,,,,,,,,,,,,,,,,,,,,,,,,,,,,,,,,,,,,,,,,,,,,,,,,,,,,,,,,,,,,,,,,,,,,,,,,,,,,,,,,,,,,,,,,,,,,,,,,,,,,,,,,,,,,,,,,,,,,,,,,,,,,,,,,,,,,,,,,,,,,,,,,,,,,,,,,,,,,,,,,,,,,,,,,,,,,,,,,,,,,,,,,,,,,,,,,,,,,,,,,,,,,,,,,,,,,,,,,,,,,,,,,,,,,,,,,,,,,,,,,,
Day126fft_coeff_5_abs,0.000728221,0.000326158,0.000370723,0.005264852,0.00297969,0.002952803,0.183511788,0.082191891,0.093422234,0.083576936,0.047301118,0.046874297,0.138317538,0.109460465,0.125549565,2.19572285,1.737631018,1.993037554,0.009355089,0.004774067,0.005434051,0.45800223,0.457399051,0.458115216,1.30957177,1.282448069,1.342915583,0.053919502,0.034088489,0.034950335,3.403439979,2.411133296,2.672999639,19.61625258,17.21632407,17.19200406,0.311446615,0.155298853,0.161302401,,,,,,,,,,,,,,,,,,,,,,,,,,,,,,,,,,,,,,,,,,,,,,,,,,,,,,,,,,,,,,,,,,,,,,,,,,,,,,,,,,,,,,,,,,,,,,,,,,,,,,,,,,,,,,,,,,,,,,,,,,,,,,,,,,,,,,,,,,,,,,,,,,,,,,,,,,,,,,,,,,,,,,,,,,,,,,,,,,,,,,,,,,,,,,,,,,,,,,,,,,,,,,,,,,,,,,,,,,,,,,,,,,,,,,,,,,,,,,,,,,,,,,,,,,,,,,,,,,,,,,,,,,,,,,,,,,,,,,,,,,,,,,,,,,,,,,,,,,,,,,,,,,,,,,,,
Day252fft_coeff_5_abs,0.000840664,0.000436942,0.000369891,0.004580505,0.003104229,0.002635446,0.211847261,0.110109381,0.093212625,0.072713256,0.049278104,0.041836413,0.183530815,0.14075702,0.140352458,2.913461361,2.234448421,2.228026206,0.00758208,0.004460063,0.004240399,0.458534145,0.458398597,0.458321512,1.336021157,1.312362136,1.336548368,0.039772473,0.030096864,0.035777824,5.326479407,3.658500113,2.605318443,27.94052134,24.68785302,21.98204161,0.214724606,0.106436944,0.113442301,,,,,,,,,,,,,,,,,,,,,,,,,,,,,,,,,,,,,,,,,,,,,,,,,,,,,,,,,,,,,,,,,,,,,,,,,,,,,,,,,,,,,,,,,,,,,,,,,,,,,,,,,,,,,,,,,,,,,,,,,,,,,,,,,,,,,,,,,,,,,,,,,,,,,,,,,,,,,,,,,,,,,,,,,,,,,,,,,,,,,,,,,,,,,,,,,,,,,,,,,,,,,,,,,,,,,,,,,,,,,,,,,,,,,,,,,,,,,,,,,,,,,,,,,,,,,,,,,,,,,,,,,,,,,,,,,,,,,,,,,,,,,,,,,,,,,,,,,,,,,,,,,,,,,,,,
Day60fft_coeff_2_real,0.000590962,0.000185959,0.000404197,0.00537988,0.003355101,0.003537823,0.148922406,0.046861606,0.101857563,0.085402947,0.053260578,0.056161197,0.109846675,0.05542568,0.114250118,1.743761914,0.879855388,1.813664398,0.009676739,0.00563492,0.004987365,0.457764792,0.454648838,0.460930521,1.288181846,1.279076921,1.314718551,0.075313154,0.047102655,0.031974341,1.97737577,0.994882474,3.185603163,15.38972978,8.316286177,20.42312265,1.102208391,0.559054586,0.548308444,,,,,,,,,,,,,,,,,,,,,,,,,,,,,,,,,,,,,,,,,,,,,,,,,,,,,,,,,,,,,,,,,,,,,,,,,,,,,,,,,,,,,,,,,,,,,,,,,,,,,,,,,,,,,,,,,,,,,,,,,,,,,,,,,,,,,,,,,,,,,,,,,,,,,,,,,,,,,,,,,,,,,,,,,,,,,,,,,,,,,,,,,,,,,,,,,,,,,,,,,,,,,,,,,,,,,,,,,,,,,,,,,,,,,,,,,,,,,,,,,,,,,,,,,,,,,,,,,,,,,,,,,,,,,,,,,,,,,,,,,,,,,,,,,,,,,,,,,,,,,,,,,,,,,,,,
Day126fft_coeff_2_real,0.000571292,0.000431159,0.00014106,0.005506307,0.003493668,0.003287259,0.143965583,0.108652076,0.035547188,0.087409916,0.055460262,0.052183626,0.103752294,0.12341156,0.042911206,1.647016606,1.959097773,0.681194277,0.010425551,0.005897405,0.00462858,0.457776258,0.461381847,0.454174218,1.282368647,1.310889015,1.264743394,0.057964131,0.031927467,0.072132562,2.483701217,3.403090974,0.492803621,13.80891875,18.42370992,7.679934058,0.620671777,0.318577789,0.307248627,,,,,,,,,,,,,,,,,,,,,,,,,,,,,,,,,,,,,,,,,,,,,,,,,,,,,,,,,,,,,,,,,,,,,,,,,,,,,,,,,,,,,,,,,,,,,,,,,,,,,,,,,,,,,,,,,,,,,,,,,,,,,,,,,,,,,,,,,,,,,,,,,,,,,,,,,,,,,,,,,,,,,,,,,,,,,,,,,,,,,,,,,,,,,,,,,,,,,,,,,,,,,,,,,,,,,,,,,,,,,,,,,,,,,,,,,,,,,,,,,,,,,,,,,,,,,,,,,,,,,,,,,,,,,,,,,,,,,,,,,,,,,,,,,,,,,,,,,,,,,,,,,,,,,,,,
Day252fft_coeff_2_real,0.000704385,0.000379706,0.000321906,0.00511929,0.003328365,0.002999393,0.177504962,0.095685849,0.081120318,0.081266215,0.05283615,0.047613888,0.137594221,0.114081778,0.107323722,2.184240541,1.810992082,1.703711276,0.009081462,0.00534077,0.004634577,0.458379316,0.458950938,0.457854856,1.302008027,1.306547841,1.309043724,0.057987309,0.032304168,0.03556627,3.06110018,2.962027959,2.280821647,19.54585765,17.91611505,17.50328555,0.370685057,0.193118065,0.182721632,,,,,,,,,,,,,,,,,,,,,,,,,,,,,,,,,,,,,,,,,,,,,,,,,,,,,,,,,,,,,,,,,,,,,,,,,,,,,,,,,,,,,,,,,,,,,,,,,,,,,,,,,,,,,,,,,,,,,,,,,,,,,,,,,,,,,,,,,,,,,,,,,,,,,,,,,,,,,,,,,,,,,,,,,,,,,,,,,,,,,,,,,,,,,,,,,,,,,,,,,,,,,,,,,,,,,,,,,,,,,,,,,,,,,,,,,,,,,,,,,,,,,,,,,,,,,,,,,,,,,,,,,,,,,,,,,,,,,,,,,,,,,,,,,,,,,,,,,,,,,,,,,,,,,,,,
Day60fft_coeff_3_real,0.000639835,4.08E-05,0.000598064,0.005575651,0.003859153,0.003295369,0.161238404,0.010275832,0.150712072,0.088510718,0.06126215,0.052312361,0.114755196,0.010566338,0.181486133,1.821682256,0.167735413,2.881003041,0.011046952,0.006807783,0.004837419,0.457768972,0.450014157,0.465376304,1.297418961,1.273140277,1.342846385,0.066391486,0.107274409,0.022703593,2.428600635,0.095790153,6.638247526,14.59573664,1.50942416,31.15547508,1.443706012,0.72585956,0.72300109,,,,,,,,,,,,,,,,,,,,,,,,,,,,,,,,,,,,,,,,,,,,,,,,,,,,,,,,,,,,,,,,,,,,,,,,,,,,,,,,,,,,,,,,,,,,,,,,,,,,,,,,,,,,,,,,,,,,,,,,,,,,,,,,,,,,,,,,,,,,,,,,,,,,,,,,,,,,,,,,,,,,,,,,,,,,,,,,,,,,,,,,,,,,,,,,,,,,,,,,,,,,,,,,,,,,,,,,,,,,,,,,,,,,,,,,,,,,,,,,,,,,,,,,,,,,,,,,,,,,,,,,,,,,,,,,,,,,,,,,,,,,,,,,,,,,,,,,,,,,,,,,,,,,,,,,
Day126fft_coeff_3_real,0.000668881,0.000276926,0.00039152,0.005376365,0.003553977,0.003169027,0.168558009,0.069785294,0.098662963,0.085347153,0.056417638,0.050306739,0.124411373,0.077919964,0.123545722,1.974969322,1.236941074,1.961227535,0.010194331,0.005936927,0.005710089,0.457791142,0.456475217,0.459140308,1.298981665,1.288992005,1.325147404,0.067859427,0.05259049,0.040463732,2.483929152,1.326956529,2.43830605,16.5344845,11.75444731,17.27870907,0.810642054,0.412013102,0.403783591,,,,,,,,,,,,,,,,,,,,,,,,,,,,,,,,,,,,,,,,,,,,,,,,,,,,,,,,,,,,,,,,,,,,,,,,,,,,,,,,,,,,,,,,,,,,,,,,,,,,,,,,,,,,,,,,,,,,,,,,,,,,,,,,,,,,,,,,,,,,,,,,,,,,,,,,,,,,,,,,,,,,,,,,,,,,,,,,,,,,,,,,,,,,,,,,,,,,,,,,,,,,,,,,,,,,,,,,,,,,,,,,,,,,,,,,,,,,,,,,,,,,,,,,,,,,,,,,,,,,,,,,,,,,,,,,,,,,,,,,,,,,,,,,,,,,,,,,,,,,,,,,,,,,,,,,
Day252fft_coeff_3_real,0.000736139,0.000421554,0.000310877,0.004994417,0.003250489,0.00284273,0.185507007,0.106231617,0.078341,0.079283907,0.05159991,0.045126947,0.14739237,0.129689429,0.109358588,2.339781344,2.058755856,1.73601376,0.008080914,0.005404799,0.00323922,0.458400906,0.461108966,0.455601089,1.304467793,1.309369474,1.306675681,0.049027578,0.038201227,0.050417466,3.783727762,2.780843102,1.553846439,22.95619101,19.65505551,24.18514254,0.459635581,0.235990598,0.228799622,,,,,,,,,,,,,,,,,,,,,,,,,,,,,,,,,,,,,,,,,,,,,,,,,,,,,,,,,,,,,,,,,,,,,,,,,,,,,,,,,,,,,,,,,,,,,,,,,,,,,,,,,,,,,,,,,,,,,,,,,,,,,,,,,,,,,,,,,,,,,,,,,,,,,,,,,,,,,,,,,,,,,,,,,,,,,,,,,,,,,,,,,,,,,,,,,,,,,,,,,,,,,,,,,,,,,,,,,,,,,,,,,,,,,,,,,,,,,,,,,,,,,,,,,,,,,,,,,,,,,,,,,,,,,,,,,,,,,,,,,,,,,,,,,,,,,,,,,,,,,,,,,,,,,,,,
Day60fft_coeff_5_real,0.000641204,0.00029555,0.000345062,0.005422484,0.003728916,0.003163419,0.161583296,0.074478504,0.086955632,0.086079271,0.05919471,0.050217713,0.118249036,0.079258852,0.109078843,1.877145255,1.258195265,1.731572945,0.010379427,0.007507492,0.003708,0.457765748,0.457480352,0.458055815,1.296422392,1.298123157,1.308982785,0.072541347,0.054074909,0.030689955,2.22746479,1.377320946,2.833358099,15.56765052,9.920557615,23.45081803,1.886918496,0.946098676,0.945974459,,,,,,,,,,,,,,,,,,,,,,,,,,,,,,,,,,,,,,,,,,,,,,,,,,,,,,,,,,,,,,,,,,,,,,,,,,,,,,,,,,,,,,,,,,,,,,,,,,,,,,,,,,,,,,,,,,,,,,,,,,,,,,,,,,,,,,,,,,,,,,,,,,,,,,,,,,,,,,,,,,,,,,,,,,,,,,,,,,,,,,,,,,,,,,,,,,,,,,,,,,,,,,,,,,,,,,,,,,,,,,,,,,,,,,,,,,,,,,,,,,,,,,,,,,,,,,,,,,,,,,,,,,,,,,,,,,,,,,,,,,,,,,,,,,,,,,,,,,,,,,,,,,,,,,,,
Day126fft_coeff_5_real,0.000698444,0.00022407,0.000474502,0.005225383,0.002709458,0.003308723,0.176007833,0.056465709,0.119574533,0.082950389,0.04301131,0.052524354,0.133663644,0.082699301,0.143409428,2.121844564,1.31281071,2.276554095,0.009322712,0.004101778,0.005427415,0.457784844,0.453761393,0.461771894,1.300547954,1.288968059,1.325321069,0.053552665,0.032956398,0.037803083,3.286630704,1.713345874,3.163089438,18.87946599,13.76615565,22.03158145,1.195882811,0.601754198,0.599283252,,,,,,,,,,,,,,,,,,,,,,,,,,,,,,,,,,,,,,,,,,,,,,,,,,,,,,,,,,,,,,,,,,,,,,,,,,,,,,,,,,,,,,,,,,,,,,,,,,,,,,,,,,,,,,,,,,,,,,,,,,,,,,,,,,,,,,,,,,,,,,,,,,,,,,,,,,,,,,,,,,,,,,,,,,,,,,,,,,,,,,,,,,,,,,,,,,,,,,,,,,,,,,,,,,,,,,,,,,,,,,,,,,,,,,,,,,,,,,,,,,,,,,,,,,,,,,,,,,,,,,,,,,,,,,,,,,,,,,,,,,,,,,,,,,,,,,,,,,,,,,,,,,,,,,,,
Day252fft_coeff_5_real,0.000812599,0.000542548,0.000269297,0.005104851,0.003294063,0.003057091,0.204775012,0.136722122,0.067862834,0.081036991,0.052291631,0.048529819,0.159181788,0.16470483,0.088089278,2.526932554,2.614608115,1.398373937,0.008447407,0.00476156,0.00459392,0.458382961,0.463869557,0.452936784,1.315268523,1.332675834,1.310304829,0.047133912,0.026832847,0.033100827,4.344536728,5.095326722,2.050185462,24.24116844,28.71372683,14.7723149,0.66211926,0.335739887,0.331534013,,,,,,,,,,,,,,,,,,,,,,,,,,,,,,,,,,,,,,,,,,,,,,,,,,,,,,,,,,,,,,,,,,,,,,,,,,,,,,,,,,,,,,,,,,,,,,,,,,,,,,,,,,,,,,,,,,,,,,,,,,,,,,,,,,,,,,,,,,,,,,,,,,,,,,,,,,,,,,,,,,,,,,,,,,,,,,,,,,,,,,,,,,,,,,,,,,,,,,,,,,,,,,,,,,,,,,,,,,,,,,,,,,,,,,,,,,Day60fft_coeff_2_imag,0.000597132,0.000473483,0.000123453,0.005391926,0.003614242,0.003569359,0.150477227,0.119317824,0.03111027,0.085594171,0.057374313,0.056661811,0.11074556,0.131004906,0.034587013,1.758031259,2.079638403,0.549051815,0.011164721,0.006296831,0.005802937,0.457765927,0.46257012,0.452861404,1.288093673,1.312636978,1.284534425,0.085749653,0.043151498,0.048735045,1.754843578,2.765091143,0.638355209,13.47792114,18.94886976,5.361124738,0.960656716,0.483255025,0.48255633,,,,,,,,,,,,,,,,,,,,,,,,,,,,,,,,,,,,,,,
Day126fft_coeff_2_imag,0.000725174,0.000284814,0.000434959,0.005282357,0.003158093,0.003273431,0.182743907,0.07177317,0.109609717,0.083854823,0.050133165,0.051964098,0.137282313,0.090185504,0.132875646,2.179289164,1.43165049,2.109335493,0.009482138,0.005101096,0.004982097,0.457796018,0.455092221,0.460556388,1.306194684,1.298200793,1.327327158,0.062759969,0.037998178,0.033632485,2.911790916,1.88885821,3.259043064,19.2724374,14.0701466,22.00071985,0.48759421,0.246763994,0.245984854,,,,,,,,,,,,,,,,,,,,,,,,,,,,,,,,,,,,,,,,,,,,,,,,,,,,,,,,,,,,,,,,,,,,,,,,,,,,,,,,,,,,,,,,,,,,,,,,,,,,,,,,,,,,,,,,,,,,,,,,,,,,,,,,,,,,,,,,,,,,,,,,,,,,,,,,,,,,,,,,,,,,,,,,,,,,,,,,,,,,,,,,,,,,,,,,,,,,,,,,,,,,,,,,,,,,,,,,,,,,,,,,,,,,,,,,,,,,,,,,,,,,,,,,,,,,,,,,,,,,,,,,,,,,,,,,,,,,,,,,,,,,,,,,,,,,,,,,,,,,,,,,,,,,,,,,
Day252fft_coeff_2_imag,0.000750001,0.000362061,0.000388123,0.004973088,0.00317153,0.003381698,0.189000238,0.09123944,0.097807119,0.078945323,0.050346474,0.053682786,0.150811923,0.114159821,0.114771788,2.394065056,1.812230984,1.821945652,0.008156253,0.004880932,0.003922538,0.458391116,0.456273439,0.460283098,1.307930433,1.3136714,1.323028995,0.047402743,0.038331134,0.031413279,3.987116073,2.380295848,3.113559708,23.17243375,18.69303784,24.9346504,0.251129836,0.128090173,0.128194301,,,,,,,,,,,,,,,,,,,,,,,,,,,,,,,,,,,,,,,,,,,,,,,,,,,,,,,,,,,,,,,,,,,,,,,,,,,,,,,,,,,,,,,,,,,,,,,,,,,,,,,,,,,,,,,,,,,,,,,,,,,,,,,,,,,,,,,,,,,,,,,,,,,,,,,,,,,,,,,,,,,,,,,,,,,,,,,,,,,,,,,,,,,,,,,,,,,,,,,,,,,,,,,,,,,,,,,,,,,,,,,,,,,,,,,,,,,,,,,,,,,,,,,,,,,,,,,,,,,,,,,,,,,,,,,,,,,,,,,,,,,,,,,,,,,,,,,,,,,,,,,,,,,,,,,,
Day60fft_coeff_3_imag,0.000511018,0.000204003,0.000306692,0.005660071,0.003143731,0.003871482,0.128776548,0.051408787,0.077286415,0.089850841,0.049905179,0.061457877,0.090284742,0.064892047,0.079218267,1.433225847,1.030129309,1.257551,0.010464876,0.00417983,0.006637991,0.457767441,0.456707279,0.458803816,1.277329431,1.269170375,1.301219374,0.072660948,0.039563339,0.047384527,1.772293794,1.29940466,1.631047514,12.3055966,12.2992525,11.64304311,1.369579634,0.686692855,0.688041418,,,,,,,,,,,,,,,,,,,,,,,,,,,,,,,,,,,,,,,,,,,,,,,,,,,,,,,,,,,,,,,,,,,,,,,,,,,,,,,,,,,,,,,,,,,,,,,,,,,,,,,,,,,,,,,,,,,,,,,,,,,,,,,,,,,,,,,,,,,,,,,,,,,,,,,,,,,,,,,,,,,,,,,,,,,,,,,,,,,,,,,,,,,,,,,,,,,,,,,,,,,,,,,,,,,,,,,,,,,,,,,,,,,,,,,,,,,,,,,,,,,,,,,,,,,,,,,,,,,,,,,,,,,,,,,,,,,,,,,,,,,,,,,,,,,,,,,,,,,,,,,,,,,,,,,,
Day126fft_coeff_3_imag,0.000660238,0.000611559,5.09E-05,0.00553199,0.003514354,0.00322887,0.166380053,0.15411292,0.012827827,0.087817624,0.055788644,0.05125673,0.119349143,0.174017519,0.015765288,1.894608912,2.762442474,0.250266195,0.009437108,0.006003411,0.004876747,0.457773758,0.467280619,0.448248323,1.298922408,1.330259647,1.273236587,0.07024349,0.036497692,0.052806901,2.36861883,4.22253876,0.242919511,17.63040694,25.67089154,2.630406358,0.711922134,0.358727185,0.358349588,,,,,,,,,,,,,,,,,,,,,,,,,,,,,,,,,,,,,,,,,,,,,,,,,,,,,,,,,,,,,,,,,,,,,,,,,,,,,,,,,,,,,,,,,,,,,,,,,,,,,,,,,,,,,,,,,,,,,,,,,,,,,,,,,,,,,,,,,,,,,,,,,,,,,,,,,,,,,,,,,,,,,,,,,,,,,,,,,,,,,,,,,,,,,,,,,,,,,,,,,,,,,,,,,,,,,,,,,,,,,,,,,,,,,,,,,,,,,,,,,,,,,,,,,,,,,,,,,,,,,,,,,,,,,,,,,,,,,,,,,,,,,,,,,,,,,,,,,,,,,,,,,,,,,,,,
Day252fft_coeff_3_imag,0.000798931,0.000336984,0.000460556,0.004984327,0.002924465,0.003399531,0.201330654,0.084919866,0.116060145,0.079123732,0.046424449,0.053965882,0.160288687,0.115229128,0.135476373,2.544504015,1.829205693,2.150620753,0.007804053,0.005013963,0.004196568,0.458392196,0.457173736,0.459533436,1.312709729,1.297500164,1.351432787,0.045342472,0.033606061,0.028346628,4.440222268,2.526921162,4.094319332,25.79821861,16.93667684,27.65596541,0.371294036,0.188107776,0.188340899,,,,,,,,,,,,,,,,,,,,,,,,,,,,,,,,,,,,,,,,,,,,,,,,,,,,,,,,,,,,,,,,,,,,,,,,,,,,,,,,,,,,,,,,,,,,,,,,,,,,,,,,,,,,,,,,,,,,,,,,,,,,,,,,,,,,,,,,,,,,,,,,,,,,,,,,,,,,,,,,,,,,,,,,,,,,,,,,,,,,,,,,,,,,,,,,,,,,,,,,,,,,,,,,,,,,,,,,,,,,,,,,,,,,,,,,,,,,,,,,,,,,,,,,,,,,,,,,,,,,,,,,,,,,,,,,,,,,,,,,,,,,,,,,,,,,,,,,,,,,,,,,,,,,,,,,
Day60fft_coeff_5_imag,0.000683999,0.000288131,0.000394994,0.005634975,0.003722703,0.00336996,0.172367704,0.072609032,0.099538384,0.089452455,0.059096072,0.053496457,0.121384535,0.07739836,0.11721017,1.926919755,1.228660882,1.860653768,0.011054898,0.006994321,0.00407119,0.457765263,0.456308401,0.459339366,1.303402835,1.302941272,1.316548153,0.085578897,0.059048868,0.036503149,2.014137931,1.22964309,2.72684377,15.59197615,10.38114055,24.44945636,1.870795059,0.936621034,0.939328664,,,,,,,,,,,,,,,,,,,,,,,,,,,,,,,,,,,,,,,,,,,,,,,,,,,,,,,,,,,,,,,,,,,,,,,,,,,,,,,,,,,,,,,,,,,,,,,,,,,,,,,,,,,,,,,,,,,,,,,,,,,,,,,,,,,,,,,,,,,,,,,,,,,,,,,,,,,,,,,,,,,,,,,,,,,,,,,,,,,,,,,,,,,,,,,,,,,,,,,,,,,,,,,,,,,,,,,,,,,,,,,,,,,,,,,,,,,,,,,,,,,,,,,,,,,,,,,,,,,,,,,,,,,,,,,,,,,,,,,,,,,,,,,,,,,,,,,,,,,,,,,,,,,,,,,,
Day126fft_coeff_5_imag,0.000734237,0.000564577,0.00016979,0.005162472,0.002858893,0.003225816,0.185027793,0.142273455,0.042787159,0.081951695,0.045383512,0.051208238,0.142225921,0.197481084,0.052634845,2.257766506,3.134915026,0.835552255,0.008727634,0.004771993,0.00492866,0.457785897,0.463770779,0.451631316,1.307690009,1.333812095,1.292325347,0.054432553,0.022763023,0.037637237,3.399212069,6.250200354,1.136830514,21.20022323,29.81426069,8.68129612,1.139034185,0.572414488,0.571774336,,,,,,,,,,,,,,,,,,,,,,,,,,,,,,,,,,,,,,,,,,,,,,,,,,,,,,,,,,,,,,,,,,,,,,,,,,,,,,,,,,,,,,,,,,,,,,,,,,,,,,,,,,,,,,,,,,,,,,,,,,,,,,,,,,,,,,,,,,,,,,,,,,,,,,,,,,,,,,,,,,,,,,,,,,,,,,,,,,,,,,,,,,,,,,,,,,,,,,,,,,,,,,,,,,,,,,,,,,,,,,,,,,,,,,,,,,,,,,,,,,,,,,,,,,,,,,,,,,,,,,,,,,,,,,,,,,,,,,,,,,,,,,,,,,,,,,,,,,,,,,,,,,,,,,,,
Day252fft_coeff_5_imag,0.000855666,0.000605108,0.000249895,0.00519161,0.003203092,0.003132015,0.215627913,0.152487216,0.062973477,0.082414251,0.050847505,0.0497192,0.164817148,0.188913728,0.079787209,2.616391107,2.998912464,1.266582671,0.008892439,0.005212401,0.004462116,0.458382104,0.462820754,0.453872504,1.32545376,1.36444881,1.295702957,0.050628126,0.032331216,0.046668909,4.259053832,4.716408299,1.349366825,24.24845483,29.25469922,14.11291754,0.605195286,0.305033622,0.305316304,,,,,,,,,,,,,,,,,,,,,,,,,,,,,,,,,,,,,,,,,,,,,,,,,,,,,,,,,,,,,,,,,,,,,,,,,,,,,,,,,,,,,,,,,,,,,,,,,,,,,,,,,,,,,,,,,,,,,,,,,,,,,,,,,,,,,,,,,,,,,,,,,,,,,,,,,,,,,,,,,,,,,,,,,,,,,,,,,,,,,,,,,,,,,,,,,,,,,,,,,,,,,,,,,,,,,,,,,,,,,,,,,,,,,,,,,,,,,,,,,,,,,,,,,,,,,,,,,,,,,,,,,,,,,,,,,,,,,,,,,,,,,,,,,,,,,,,,,,,,,,,,,,,,,,,,
Day60fft_coeff_2_angle,0.000801822,0.000537162,0.00026431,0.00568,0.003315657,0.003073035,0.202059223,0.13536475,0.066606225,0.090167208,0.05263443,0.048782922,0.141165895,0.1620076,0.086009563,2.240939107,2.571790925,1.36535949,0.009435369,0.005756614,0.004578848,0.457765927,0.4628935,0.452167497,1.334927193,1.348033232,1.329492105,0.055867833,0.034796714,0.033368792,3.61673637,3.890159053,1.996063442,21.41508497,23.51464708,14.54650342,1.085071358,0.539317165,0.550908833,,,,,,,,,,,,,,,,,,,,,,,,,,,,,,,,,,,,,,,,,,,,,,,,,,,,,,,,,,,,,,,,,,,,,,,,,,,,,,,,,,,,,,,,,,,,,,,,,,,,,,,,,,,,,,,,,,,,,,,,,,,,,,,,,,,,,,,,,,,,,,,,,,,,,,,,,,,,,,,,,,,,,,,,,,,,,,,,,,,,,,,,,,,,,,,,,,,,,,,,,,,,,,,,,,,,,,,,,,,,,,,,,,,,,,,,,,,,,,,,,,,,,,,,,,,,,,,,,,,,,,,,,,,,,,,,,,,,,,,,,,,,,,,,,,,,,,,,,,,,,,,,,,,,,,,,
Day126fft_coeff_2_angle,0.000616603,0.000291208,0.000324491,0.005546025,0.003037277,0.002968999,0.155384041,0.073384339,0.081771758,0.088040418,0.048215271,0.047131404,0.111179329,0.095877899,0.109293085,1.764917129,1.522014456,1.734973945,0.009416418,0.005242311,0.004384224,0.457787887,0.455430089,0.460127888,1.300420204,1.304799578,1.300286572,0.075589857,0.032577798,0.052135572,2.055620265,2.252587454,1.568444639,16.50139508,13.99847169,18.65136366,0.618298563,0.310315824,0.313137378,,,,,,,,,,,,,,,,,,,,,,,,,,,,,,,,,,,,,,,,,,,,,,,,,,,,,,,,,,,,,,,,,,,,,,,,,,,,,,,,,,,,,,,,,,,,,,,,,,,,,,,,,,,,,,,,,,,,,,,,,,,,,,,,,,,,,,,,,,,,,,,,,,,,,,,,,,,,,,,,,,,,,,,,,,,,,,,,,,,,,,,,,,,,,,,,,,,,,,,,,,,,,,,,,,,,,,,,,,,,,,,,,,,,,,,,,,,,,,,,,,,,,,,,,,,,,,,,,,,,,,,,,,,,,,,,,,,,,,,,,,,,,,,,,,,,,,,,,,,,,,,,,,,,,,,,
Day252fft_coeff_2_angle,0.000775213,0.000376888,0.000397397,0.005076071,0.002931001,0.002894165,0.195353786,0.094975707,0.100144158,0.080580134,0.046528196,0.045943441,0.152719178,0.1285867,0.137309894,2.424341796,2.041250578,2.179726989,0.007489035,0.004419422,0.003301993,0.458379126,0.457139951,0.459557493,1.327249681,1.328839405,1.331368743,0.048317029,0.028914183,0.025070928,4.04316632,3.284744648,3.994433556,26.085309,21.49052645,30.32839987,0.352936184,0.178099208,0.179991615,,,,,,,,,,,,,,,,,,,,,,,,,,,,,,,,,,,,,,,,,,,,,,,,,,,,,,,,,,,,,,,,,,,,,,,,,,,,,,,,,,,,,,,,,,,,,,,,,,,,,,,,,,,,,,,,,,,,,,,,,,,,,,,,,,,,,,,,,,,,,,,,,,,,,,,,,,,,,,,,,,,,,,,,,,,,,,,,,,,,,,,,,,,,,,,,,,,,,,,,,,,,,,,,,,,,,,,,,,,,,,,,,,,,,,,,,,,,,,,,,,,,,,,,,,,,,,,,,,,,,,,,,,,,,,,,,,,,,,,,,,,,,,,,,,,,,,,,,,,,,,,,,,,,,,,,
Day60fft_coeff_3_angle,0.000874811,0.000419961,0.00045411,0.005501953,0.002761827,0.003296293,0.220452336,0.105830056,0.114435594,0.087340791,0.043842648,0.052327024,0.15900007,0.152058946,0.137763707,2.524047855,2.41386094,2.186931053,0.010031517,0.004133163,0.005711788,0.457768851,0.45674467,0.457761513,1.342449678,1.335675788,1.361652439,0.051990241,0.036936517,0.034582915,4.240263771,2.865187742,3.30902104,21.97597124,25.6051026,20.03498488,1.430980157,0.709874983,0.726259813,,,,,,,,,,,,,,,,,,,,,,,,,,,,,,,,,,,,,,,,,,,,,,,,,,,,,,,,,,,,,,,,,,,,,,,,,,,,,,,,,,,,,,,,,,,,,,,,,,,,,,,,,,,,,,,,,,,,,,,,,,,,,,,,,,,,,,,,,,,,,,,,,,,,,,,,,,,,,,,,,,,,,,,,,,,,,,,,,,,,,,,,,,,,,,,,,,,,,,,,,,,,,,,,,,,,,,,,,,,,,,,,,,,,,,,,,,,,,,,,,,,,,,,,,,,,,,,,,,,,,,,,,,,,,,,,,,,,,,,,,,,,,,,,,,,,,,,,,,,,,,,,,,,,,,,,
Day126fft_coeff_3_angle,0.00076248,0.000556892,0.000206041,0.005198181,0.002887052,0.002851967,0.192144942,0.140336702,0.051922438,0.082518563,0.045830523,0.045273569,0.146682069,0.192892872,0.072245379,2.328505656,3.062079422,1.146859831,0.009321641,0.005102377,0.004697724,0.457773758,0.4667817,0.448547144,1.32946407,1.33817254,1.322167348,0.058262496,0.032721762,0.034475963,3.297918139,4.288788003,1.506047503,20.61278135,27.50418103,11.05268019,0.84112019,0.419788081,0.426486748,,,,,,,,,,,,,,,,,,,,,,,,,,,,,,,,,,,,,,,,,,,,,,,,,,,,,,,,,,,,,,,,,,,,,,,,,,,,,,,,,,,,,,,,,,,,,,,,,,,,,,,,,,,,,,,,,,,,,,,,,,,,,,,,,,,,,,,,,,,,,,,,,,,,,,,,,,,,,,,,,,,,,,,,,,,,,,,,,,,,,,,,,,,,,,,,,,,,,,,,,,,,,,,,,,,,,,,,,,,,,,,,,,,,,,,,,,,,,,,,,,,,,,,,,,,,,,,,,,,,,,,,,,,,,,,,,,,,,,,,,,,,,,,,,,,,,,,,,,,,,,,,,,,,,,,,
Day252fft_coeff_3_angle,0.000737277,0.000380287,0.000355861,0.00499534,0.002636325,0.002963329,0.185793756,0.095832448,0.089677065,0.07929857,0.041850369,0.047041397,0.147592908,0.14424907,0.120088357,2.342964772,2.289882991,1.906343565,0.007674102,0.004737001,0.003600741,0.458394162,0.456728978,0.459666134,1.316226341,1.323464485,1.316180462,0.062616195,0.039746107,0.041583082,2.96718376,2.411115309,2.156575738,24.21048906,20.23061468,24.90517077,0.475799728,0.238250831,0.242703535,,,,,,,,,,,,,,,,,,,,,,,,,,,,,,,,,,,,,,,,,,,,,,,,,,,,,,,,,,,,,,,,,,,,,,,,,,,,,,,,,,,,,,,,,,,,,,,,,,,,,,,,,,,,,,,,,,,,,,,,,,,,,,,,,,,,,,,,,,,,,,,,,,,,,,,,,,,,,,,,,,,,,,,,,,,,,,,,,,,,,,,,,,,,,,,,,,,,,,,,,,,,,,,,,,,,,,,,,,,,,,,,,,,,,,,,,,,,,,,,,,,,,,,,,,,,,,,,,,,,,,,,,,,,,,,,,,,,,,,,,,,,,,,,,,,,,,,,,,,,,,,,,,,,,,,,
Day60fft_coeff_5_angle,0.000707107,0.000292587,0.000414289,0.005325726,0.003047056,0.002964819,0.178191031,0.073731987,0.10440088,0.084543284,0.048370519,0.047065048,0.132771987,0.096022922,0.139735059,2.10768995,1.524316628,2.2182253,0.00832449,0.005194303,0.003315424,0.457763858,0.455730604,0.45899414,1.314893894,1.308956576,1.330647543,0.047630314,0.032059766,0.035137117,3.741126551,2.299829242,2.971242079,21.40563901,14.19477907,31.48945272,1.83817882,0.916614764,0.926718695,,,,,,,,,,,,,,,,,,,,,,,,,,,,,,,,,,,,,,,,,,,,,,,,,,,,,,,,,,,,,,,,,,,,,,,,,,,,,,,,,,,,,,,,,,,,,,,,,,,,,,,,,,,,,,,,,,,,,,,,,,,,,,,,,,,,,,,,,,,,,,,,,,,,,,,,,,,,,,,,,,,,,,,,,,,,,,,,,,,,,,,,,,,,,,,,,,,,,,,,,,,,,,,,,,,,,,,,,,,,,,,,,,,,,,,,,,,,,,,,,,,,,,,,,,,,,,,,,,,,,,,,,,,,,,,,,,,,,,,,,,,,,,,,,,,,,,,,,,,,,,,,,,,,,,,,
Day126fft_coeff_5_angle,0.000824094,0.000550585,0.000273299,0.005568603,0.002892948,0.003061074,0.207671796,0.138747365,0.068871396,0.08839883,0.045924125,0.048593051,0.147989442,0.19031963,0.089282112,2.349259559,3.02123046,1.417309583,0.009995018,0.005091906,0.005184507,0.457785897,0.463952329,0.451246405,1.334620484,1.343666261,1.331921968,0.059389278,0.027843387,0.033048723,3.496789373,4.983135381,2.083935156,20.77753166,27.24861038,13.28407912,1.238863171,0.617119262,0.626898548,,,,,,,,,,,,,,,,,,,,,,,,,,,,,,,,,,,,,,,,,,,,,,,,,,,,,,,,,,,,,,,,,,,,,,,,,,,,,,,,,,,,,,,,,,,,,,,,,,,,,,,,,,,,,,,,,,,,,,,,,,,,,,,,,,,,,,,,,,,,,,,,,,,,,,,,,,,,,,,,,,,,,,,,,,,,,,,,,,,,,,,,,,,,,,,,,,,,,,,,,,,,,,,,,,,,,,,,,,,,,,,,,,,,,,,,,,,,,,,,,,,,,,,,,,,,,,,,,,,,,,,,,,,,,,,,,,,,,,,,,,,,,,,,,,,,,,,,,,,,,,,,,,,,,,,,
Day252fft_coeff_5_angle,0.000684696,0.000484061,0.000199718,0.005087325,0.002629496,0.003004991,0.172543327,0.1219833,0.050328874,0.080758776,0.041741949,0.047702755,0.134588568,0.184088807,0.06646201,2.136527277,2.922319215,1.055051707,0.008554831,0.004606072,0.004101784,0.458387485,0.46294811,0.453607513,1.30885365,1.334174841,1.287215906,0.057103043,0.02439127,0.055441934,3.021613522,5.001104887,0.907776304,20.16911078,26.48314956,12.26999615,0.720008052,0.359253451,0.36590924,,,,,,,,,,,,,,,,,,,,,,,,,,,,,,,,,,,,,,,,,,,,,,,,,,,,,,,,,,,,,,,,,,,,,,,,,,,,,,,,,,,,,,,,,,,,,,,,,,,,,,,,,,,,,,,,,,,,,,,,,,,,,,,,,,,,,,,,,,,,,,,,,,,,,,,,,,,,,,,,,,,,,,,,,,,,,,,,,,,,,,,,,,,,,,,,,,,,,,,,,,,,,,,,,,,,,,,,,,,,,,,,,,,,,,,,,,,,,,,,,,,,,,,,,,,,,,,,,,,,,,,,,,,,,,,,,,,,,,,,,,,,,,,,,,,,,,,,,,,,,,,,,,,,,,,,
Day60fft_coeff_8_abs,0.000590682,0.000114489,0.000469943,0.005376666,0.003341188,0.00285751,0.148851897,0.028851218,0.118425657,0.085351934,0.053039721,0.04536157,0.109860289,0.034265941,0.164458929,1.743978026,0.543954945,2.610704559,0.009844338,0.005795313,0.004940007,0.457751198,0.453922396,0.460264939,1.292544863,1.255029833,1.371058,0.064397491,0.05087554,0.030023831,2.311454918,0.567094091,3.944388648,15.1205596,4.978371182,23.97277079,0.448899474,0.230917155,0.223136958,,,,,,,,,,,,,,,,,,,,,,,,,,,,,,,,,,,,,,,,,,,,,,,,,,,,,,,,,,,,,,,,,,,,,,,,,,,,,,,,,,,,,,,,,,,,,,,,,,,,,,,,,,,,,,,,,,,,,,,,,,,,,,,,,,,,,,,,,,,,,,,,,,,,,,,,,,,,,,,,,,,,,,,,,,,,,,,,,,,,,,,,,,,,,,,,,,,,,,,,,,,,,,,,,,,,,,,,,,,,,,,,,,,,,,,,,,,,,,,,,,,,,,,,,,,,,,,,,,,,,,,,,,,,,,,,,,,,,,,,,,,,,,,,,,,,,,,,,,,,,,,,,,,,,,,,
Day126fft_coeff_8_abs,0.000618861,0.00014445,0.000451779,0.005127562,0.003141423,0.002733224,0.155953046,0.036401384,0.113848244,0.08139753,0.04986855,0.043388589,0.120693078,0.045982321,0.165291507,1.915943217,0.729946717,2.623921321,0.008753579,0.004939546,0.004935104,0.458012578,0.454489205,0.460169468,1.296052831,1.256330739,1.359852375,0.055112641,0.047870195,0.032474007,2.82971464,0.760418544,3.505826792,17.81591704,7.369378042,23.06906828,0.314961631,0.157827725,0.162288545,,,,,,,,,,,,,,,,,,,,,,,,,,,,,,,,,,,,,,,,,,,,,,,,,,,,,,,,,,,,,,,,,,,,,,,,,,,,,,,,,,,,,,,,,,,,,,,,,,,,,,,,,,,,,,,,,,,,,,,,,,,,,,,,,,,,,,,,,,,,,,,,,,,,,,,,,,,,,,,,,,,,,,,,,,,,,,,,,,,,,,,,,,,,,,,,,,,,,,,,,,,,,,,,,,,,,,,,,,,,,,,,,,,,,,,,,,,,,,,,,,,,,,,,,,,,,,,,,,,,,,,,,,,,,,,,,,,,,,,,,,,,,,,,,,,,,,,,,,,,,,,,,,,,,,,,
Day252fft_coeff_8_abs,0.000831585,0.000427324,0.000408218,0.004491047,0.002845421,0.002683596,0.209559362,0.107685587,0.102870843,0.071293166,0.045169657,0.042600773,0.185164998,0.150179454,0.152115879,2.939403219,2.384024923,2.414764711,0.00740902,0.004713815,0.003958079,0.45879852,0.458557778,0.458259595,1.331185502,1.306719877,1.352151218,0.038213976,0.026751407,0.030595047,5.483840852,4.025417744,3.362336443,28.28435829,22.84467927,25.99009145,0.225796463,0.111266422,0.11968468,,,,,,,,,,,,,,,,,,,,,,,,,,,,,,,,,,,,,,,,,,,,,,,,,,,,,,,,,,,,,,,,,,,,,,,,,,,,,,,,,,,,,,,,,,,,,,,,,,,,,,,,,,,,,,,,,,,,,,,,,,,,,,,,,,,,,,,,,,,,,,,,,,,,,,,,,,,,,,,,,,,,,,,,,,,,,,,,,,,,,,,,,,,,,,,,,,,,,,,,,,,,,,,,,,,,,,,,,,,,,,,,,,,,,,,,,,,,,,,,,,,,,,,,,,,,,,,,,,,,,,,,,,,,,,,,,,,,,,,,,,,,,,,,,,,,,,,,,,,,,,,,,,,,,,,,
Day60fft_coeff_10_abs,0.000586511,0.000161971,0.000411197,0.005507671,0.003564709,0.002867835,0.147800673,0.040816573,0.103621657,0.087431571,0.056587999,0.045525477,0.106489762,0.045437239,0.143382371,1.690472568,0.721293816,2.276124573,0.010306187,0.006533239,0.004428598,0.457766692,0.454655121,0.459827021,1.292398135,1.26378606,1.34908841,0.066412877,0.05034019,0.034530424,2.225482141,0.810814842,3.000879928,14.34096597,6.247525219,23.39829645,0.452313754,0.230662642,0.226805752,,,,,,,,,,,,,,,,,,,,,,,,,,,,,,,,,,,,,,,,,,,,,,,,,,,,,,,,,,,,,,,,,,,,,,,,,,,,,,,,,,,,,,,,,,,,,,,,,,,,,,,,,,,,,,,,,,,,,,,,,,,,,,,,,,,,,,,,,,,,,,,,,,,,,,,,,,,,,,,,,,,,,,,,,,,,,,,,,,,,,,,,,,,,,,,,,,,,,,,,,,,,,,,,,,,,,,,,,,,,,,,,,,,,,,,,,,,,,,,,,,,,,,,,,,,,,,,,,,,,,,,,,,,,,,,,,,,,,,,,,,,,,,,,,,,,,,,,,,,,,,,,,,,,,,,,
Day126fft_coeff_10_abs,0.000668741,0.000300333,0.000353352,0.005107392,0.002876965,0.002782398,0.168522814,0.075683855,0.08904481,0.081077336,0.045670398,0.044169195,0.130935968,0.104392231,0.126995653,2.078544054,1.657175291,2.015993491,0.009698582,0.005172622,0.004564841,0.457576276,0.457089967,0.45828331,1.303853607,1.280666144,1.330000398,0.062640869,0.042880362,0.033854943,2.690301347,1.765000361,2.630186417,17.37602565,14.63162197,19.5066618,0.322003665,0.160493529,0.166664776,,,,,,,,,,,,,,,,,,,,,,,,,,,,,,,,,,,,,,,,,,,,,,,,,,,,,,,,,,,,,,,,,,,,,,,,,,,,,,,,,,,,,,,,,,,,,,,,,,,,,,,,,,,,,,,,,,,,,,,,,,,,,,,,,,,,,,,,,,,,,,,,,,,,,,,,,,,,,,,,,,,,,,,,,,,,,,,,,,,,,,,,,,,,,,,,,,,,,,,,,,,,,,,,,,,,,,,,,,,,,,,,,,,,,,,,,,,,,,,,,,,,,,,,,,,,,,,,,,,,,,,,,,,,,,,,,,,,,,,,,,,,,,,,,,,,,,,,,,,,,,,,,,,,,,,,
Day252fft_coeff_10_abs,0.000821683,0.000451227,0.000372139,0.004585565,0.002711526,0.002752033,0.20706423,0.113709151,0.093778945,0.072793592,0.043044147,0.043687162,0.17918913,0.16641062,0.13522321,2.844539256,2.641686695,2.146601918,0.007446445,0.00388639,0.004179896,0.458828972,0.458860186,0.457995809,1.327332981,1.309163249,1.33712541,0.03767557,0.022778463,0.030875147,5.495981377,4.991958902,3.037360278,27.80712422,29.25829759,22.43571302,0.230334137,0.113637973,0.121850803,,,,,,,,,,,,,,,,,,,,,,,,,,,,,,,,,,,,,,,,,,,,,,,,,,,,,,,,,,,,,,,,,,,,,,,,,,,,,,,,,,,,,,,,,,,,,,,,,,,,,,,,,,,,,,,,,,,,,,,,,,,,,,,,,,,,,,,,,,,,,,,,,,,,,,,,,,,,,,,,,,,,,,,,,,,,,,,,,,,,,,,,,,,,,,,,,,,,,,,,,,,,,,,,,,,,,,,,,,,,,,,,,,,,,,,,,,,,,,,,,,,,,,,,,,,,,,,,,,,,,,,,,,,,,,,,,,,,,,,,,,,,,,,,,,,,,,,,,,,,,,,,,,,,,,,,
Day60fourier_entropy_10,0.000726189,0.000345655,0.000379365,0.005417316,0.002881996,0.002676837,0.182999573,0.08710512,0.095599994,0.085997227,0.045750267,0.042493475,0.134049549,0.11993606,0.141721372,2.127970613,1.903925934,2.249757041,0.009779103,0.005647405,0.00431813,0.457781759,0.457642961,0.457904046,1.314820222,1.315802871,1.316594015,0.05809601,0.033165653,0.028799551,3.14995081,2.62636533,3.319495962,18.71332875,15.42391931,22.13921216,0.709325622,0.367649361,0.3468309,,,,,,,,,,,,,,,,,,,,,,,,,,,,,,,,,,,,,,,,,,,,,,,,,,,,,,,,,,,,,,,,,,,,,,,,,,,,,,,,,,,,,,,,,,,,,,,,,,,,,,,,,,,,,,,,,,,,,,,,,,,,,,,,,,,,,,,,,,,,,,,,,,,,,,,,,,,,,,,,,,,,,,,,,,,,,,,,,,,,,,,,,,,,,,,,,,,,,,,,,,,,,,,,,,,,,,,,,,,,,,,,,,,,,,,,,,,,,,,,,,,,,,,,,,,,,,,,,,,,,,,,,,,,,,,,,,,,,,,,,,,,,,,,,,,,,,,,,,,,,,,,,,,,,,,,
Day126fourier_entropy_10,0.000735895,0.000400871,0.000335044,0.005375483,0.002726622,0.00281602,0.18544566,0.101019588,0.084431022,0.08533314,0.043283782,0.044702939,0.136898497,0.147021254,0.118977736,2.173196265,2.333890047,1.888713002,0.009829274,0.004599029,0.005360814,0.457756619,0.457509544,0.45810383,1.316848691,1.335535907,1.301981232,0.054741193,0.028955265,0.027142761,3.387680308,3.48881587,3.110627626,18.86666891,21.96541878,15.7496635,0.386767325,0.206678493,0.185243471,,,,,,,,,,,,,,,,,,,,,,,,,,,,,,,,,,,,,,,,,,,,,,,,,,,,,,,,,,,,,,,,,,,,,,,,,,,,,,,,,,,,,,,,,,,,,,,,,,,,,,,,,,,,,,,,,,,,,,,,,,,,,,,,,,,,,,,,,,,,,,,,,,,,,,,,,,,,,,,,,,,,,,,,,,,,,,,,,,,,,,,,,,,,,,,,,,,,,,,,,,,,,,,,,,,,,,,,,,,,,,,,,,,,,,,,,,,,,,,,,,,,,,,,,,,,,,,,,,,,,,,,,,,,,,,,,,,,,,,,,,,,,,,,,,,,,,,,,,,,,,,,,,,,,,,,
Day252fourier_entropy_10,0.000773424,0.000400929,0.000364606,0.005016396,0.002656001,0.002594203,0.194902849,0.101034229,0.091880781,0.079632816,0.042162709,0.041181691,0.154179219,0.150952308,0.140546565,2.447519231,2.396293598,2.231107552,0.008415788,0.00457301,0.004097722,0.458294638,0.458247748,0.458526345,1.320944999,1.32738047,1.311789839,0.049377452,0.026779479,0.024411663,3.947203469,3.772822849,3.763806637,23.15919127,22.09359341,22.4224069,0.211530064,0.115593393,0.101091311,,,,,,,,,,,,,,,,,,,,,,,,,,,,,,,,,,,,,,,,,,,,,,,,,,,,,,,,,,,,,,,,,,,,,,,,,,,,,,,,,,,,,,,,,,,,,,,,,,,,,,,,,,,,,,,,,,,,,,,,,,,,,,,,,,,,,,,,,,,,,,,,,,,,,,,,,,,,,,,,,,,,,,,,,,,,,,,,,,,,,,,,,,,,,,,,,,,,,,,,,,,,,,,,,,,,,,,,,,,,,,,,,,,,,,,,,,,,,,,,,,,,,,,,,,,,,,,,,,,,,,,,,,,,,,,,,,,,,,,,,,,,,,,,,,,,,,,,,,,,,,,,,,,,,,,,
Day60fourier_entropy_5,0.000722636,0.000350561,0.000369709,0.005475515,0.00288346,0.002721765,0.182104319,0.08834149,0.093166788,0.086921101,0.045773515,0.043206684,0.131975939,0.121576653,0.135834446,2.095053074,1.929969535,2.156304975,0.009829915,0.005492416,0.0044984,0.457775786,0.458045465,0.45741643,1.313894618,1.315270234,1.315288029,0.058935754,0.033082151,0.029908035,3.089878515,2.670367162,3.115109003,18.52552378,16.08426705,20.71109224,0.687285252,0.343926296,0.348513594,,,,,,,,,,,,,,,,,,,,,,,,,,,,,,,,,,,,,,,,,,,,,,,,,,,,,,,,,,,,,,,,,,,,,,,,,,,,,,,,,,,,,,,,,,,,,,,,,,,,,,,,,,,,,,,,,,,,,,,,,,,,,,,,,,,,,,,,,,,,,,,,,,,,,,,,,,,,,,,,,,,,,,,,,,,,,,,,,,,,,,,,,,,,,,,,,,,,,,,,,,,,,,,,,,,,,,,,,,,,,,,,,,,,,,,,,,,,,,,,,,,,,,,,,,,,,,,,,,,,,,,,,,,,,,,,,,,,,,,,,,,,,,,,,,,,,,,,,,,,,,,,,,,,,,,,
Day126fourier_entropy_5,0.000742761,0.000391403,0.000351218,0.005382444,0.002727872,0.002818165,0.187175821,0.098633531,0.08850695,0.085443651,0.043303618,0.044736988,0.137997011,0.143482895,0.12462649,2.19063463,2.277720347,1.9783842,0.009894406,0.004706905,0.005316656,0.457757351,0.457297881,0.458353337,1.317651943,1.333110677,1.305181187,0.055553394,0.029985978,0.027715088,3.369295881,3.289321819,3.193457259,18.91733855,20.95507148,16.64710863,0.389368277,0.204415965,0.190106951,,,,,,,,,,,,,,,,,,,,,,,,,,,,,,,,,,,,,,,,,,,,,,,,,,,,,,,,,,,,,,,,,,,,,,,,,,,,,,,,,,,,,,,,,,,,,,,,,,,,,,,,,,,,,,,,,,,,,,,,,,,,,,,,,,,,,,,,,,,,,,,,,,,,,,,,,,,,,,,,,,,,,,,,,,,,,,,,,,,,,,,,,,,,,,,,,,,,,,,,,,,,,,,,,,,,,,,,,,,,,,,,,,,,,,,,,,,,,,,,,,,,,,,,,,,,,,,,,,,,,,,,,,,,,,,,,,,,,,,,,,,,,,,,,,,,,,,,,,,,,,,,,,,,,,,,
Day252fourier_entropy_5,0.000756929,0.000395656,0.000356213,0.005000784,0.002662852,0.002568329,0.190746026,0.099705221,0.089765757,0.079384982,0.04227146,0.040770961,0.151362007,0.14858343,0.138694577,2.402797369,2.358688827,2.201708147,0.008423901,0.004658842,0.004018739,0.458285703,0.458643933,0.458079791,1.318411861,1.324046625,1.311510941,0.050763667,0.027027409,0.024624782,3.757530459,3.689041099,3.6453422,22.64343251,21.40128675,22.33679861,0.219407349,0.118943315,0.105618674,,,,,,,,,,,,,,,,,,,,,,,,,,,,,,,,,,,,,,,,,,,,,,,,,,,,,,,,,,,,,,,,,,,,,,,,,,,,,,,,,,,,,,,,,,,,,,,,,,,,,,,,,,,,,,,,,,,,,,,,,,,,,,,,,,,,,,,,,,,,,,,,,,,,,,,,,,,,,,,,,,,,,,,,,,,,,,,,,,,,,,,,,,,,,,,,,,,,,,,,,,,,,,,,,,,,,,,,,,,,,,,,,,,,,,,,,,,,,,,,,,,,,,,,,,,,,,,,,,,,,,,,,,,,,,,,,Day60permu_entropy,0.000774309,0.000362066,0.000413327,0.005588843,0.002780546,0.002990071,0.19512578,0.09124074,0.104158367,0.088720128,0.044139801,0.047465899,0.138545436,0.130214145,0.138233142,2.199340615,2.067085472,2.194383098,0.009996847,0.005162799,0.00511541,0.457747042,0.458483969,0.456465325,1.324554091,1.313342853,1.343037586,0.057408173,0.030513306,0.031280671,3.398919876,2.990195187,3.329799653,19.51873268,17.67272859,20.36168391,0.476898594,0.194579632,0.287473601Day60approx_entropy,0.0007761211451414159,0.0003904483039646202,0.0003833335913933401,0.005632545809281309,0.0029705581132689744,0.0029331273499824937,0.1955825285756368,0.09839297259908429,0.0966000650311217,0.08941389275722433,0.04715614813664967,0.04656195319041355,0.13779224731071402,0.13143937572557643,0.130691083493401,2.1873841138611474,2.086535403908731,2.0746566329827054,0.010116356019451654,0.005231319425710245,0.004914453586263187,0.45780045761137683,0.46056346025951,0.4545461291526502,1.323477695266714,1.3124050696250131,1.3407446459534147,0.059827706116084955,0.033404805617853285,0.028530513460296905,3.2690962310362344,2.9454735861865906,3.38585091241174,19.333298294323782,18.80844287877254,19.656318517512684,0.5101648733473053,0.2589549014018835,0.25636461112067965
Day60sample_entropy,0.0,0.0,0.0,0.0,0.0,0.0,0.0,0.0,0.0,0.0,0.0,0.0,,,,,,,,,,,,,,,,0.0,0.0,0.0,,,,,,,0.005154639175257732,0.005154639175257732,0.005154639175257732
Day60fuzzy_entropy,0.0003855034227547765,-1.2550886667821898e-05,0.00039465696324670826,0.0048702903414515894,0.003912479578955139,0.003179482631625473,0.09714686253420367,-0.003162823440291118,0.09945355473817048,0.07731346233696454,0.06210868785320398,0.05047272204678114,0.07915409466941087,-0.0032079110994807335,0.12412615792304063,1.2565322984863472,-0.05092400998337882,1.970441670373771,0.009223417795185472,0.007155840547065518,0.005464031703720797,0.45765919648794995,0.4530041948456914,0.46175078614543974,1.2688739608818416,1.22918077470904,1.3753266844674743,0.06856219912074026,0.09223583670273271,0.04219911053041966,1.4169157900423366,-0.03429061364168676,2.3567689813385613,10.532631687237817,-0.4419918833418019,18.201496647694487,0.20486007707190856,0.11475369758271747,0.09526101866444882
Day60permu_entropy,0.0007743086508042581,0.0003620664302327014,0.00041332685328109356,0.0055888427117612525,0.002780546074641164,0.002990070599134301,0.19512578000267303,0.09124074041864075,0.10415836702683558,0.0887201275918567,0.044139800534744165,0.04746589924701158,0.13854543610160833,0.13021414517629487,0.13823314185315955,2.1993406152470745,2.0670854719160228,2.1943830977434464,0.009996846783186178,0.005162798714348598,0.005115410272850922,0.45774704229134183,0.4584839687981074,0.45646532530185724,1.3245540910248752,1.3133428530670472,1.3430375861815196,0.0574081729188361,0.030513305897034243,0.03128067087895564,3.3989198764179904,2.990195186536931,3.3297996526317815,19.518732679874372,17.672728585188082,20.361683906301028,0.47689859373919014,0.19457963189788532,0.28747360101656266
Day126approx_entropy,0.0007521646090326909,0.00038815866944854206,0.00038666948806215045,0.0055386654343231746,0.003003974360378943,0.002928088751110544,0.1895454814762381,0.0978159847010326,0.09744071099166192,0.08792358800645202,0.04768661461426202,0.046481967912985214,0.1358024993478606,0.12921504077004736,0.13205524863803983,2.155797844172702,2.051225181159704,2.096312083302326,0.01020285309242492,0.005393651232904842,0.0051692131881139495,0.45709472425544917,0.46178290405693306,0.45350902123913256,1.3267180025845113,1.2981320841411277,1.3572952660954383,0.05463221868484869,0.034285233897347,0.03093576955525111,3.4694816728870155,2.853006194850595,3.1497749172728144,18.577693882210813,18.13539297911781,18.850201654618612,0.3413908352264875,0.1721817410785567,0.1743637333231886
Day126sample_entropy,0.0006802158190262241,0.0003269643325610113,0.0003677511252186625,0.005097327528901082,0.002860419368470031,0.0026573459877774347,0.17141438639460846,0.08239501180537484,0.09267328355510296,0.08091756595509401,0.0454077497659448,0.04218405978668627,0.13344557813275731,0.11430643218441658,0.13839038157249678,2.1183828798030895,1.8145583568902153,2.196879200904974,0.008986959479615165,0.004879462588369928,0.004107282356758663,0.45753274184030696,0.4642629970229618,0.45186759097165075,1.3068240444911774,1.2736130474630198,1.3443654735599109,0.04675422690103609,0.0389521503097942,0.025097859886391547,3.6662864035253646,2.1152878891170555,3.6924775249602804,19.073679678140564,16.88608331617527,22.563163548424214,0.34683388494119316,0.20132529865232007,0.1506632254641305
Day126fuzzy_entropy,0.00040830994383844033,2.9641144904558285e-05,0.0004208663753415091,0.003910385518696261,0.003660596827262863,0.0031181642949042487,0.10289410584728696,0.007469568515948688,0.10605832658606029,0.06207544567715173,0.058110173130057605,0.04949932362814627,0.10441680030939061,0.008097353055600458,0.1349724823766648,1.6575653178944387,0.1285414947780467,2.1426217332342192,0.007196559499645376,0.006578602685726956,0.005296323673148799,0.45675411136044924,0.45512310628408553,0.46014190988963205,1.2928386759211314,1.2223003909057328,1.3892140902009862,0.0534196300593036,0.07140300931174626,0.042655345492553454,1.926147854881426,0.10461139646560941,2.4864017712522197,14.297680141789595,1.13543390181547,20.024895216233247,0.11999941907434106,0.06863573327817582,0.05651832497142295
Day126permu_entropy,0.0007950291501699234,0.0003839211063058552,0.0004107530912044655,0.005514040334621962,0.0026721758919257066,0.003116431324352166,0.2003473458428207,0.09674811878907551,0.10350977898352531,0.08753267666753453,0.042419477216745785,0.04947181357348501,0.1441826867275591,0.14367359104837293,0.1318023881979339,2.2888291946535277,2.280747551289543,2.0922980482567666,0.010469055055373811,0.004477415043145395,0.005923362107834957,0.4578246906737824,0.4578869657089205,0.45781355649548083,1.3315280454540468,1.3181755547692149,1.3471158122658002,0.056264703996486226,0.025334847842797256,0.03190580495739462,3.560799784094351,3.818776390108898,3.2442302935703076,19.137099268570715,21.608030047871043,17.474835591531832,0.32945235550503166,0.13362804985521712,0.2009789448250722
Day252approx_entropy,0.0007963478090007965,0.0004685529969092124,0.00041703884563378733,0.004783232680414635,0.0025550036442099694,0.003081742169792496,0.2006796478682007,0.11807535522112153,0.10509378909971441,0.0759314648120041,0.04055942544866,0.0489211403165492,0.16648736580629084,0.18338642998456203,0.13532567705424492,2.6429049981461046,2.911169325378659,2.1482285249218314,0.008195520030122763,0.0043869391152649125,0.004918126982921786,0.4577729363765444,0.4608531198654289,0.4559097671276403,1.3351625866550683,1.3136111492490408,1.3604249986160448,0.045761494400608976,0.020079770786000373,0.03537691225011244,4.385338601737843,5.8803138979775476,2.970688576682675,24.486505692207388,26.915202631890494,21.36866117216025,0.25754828287022197,0.12954526305390487,0.13315765899157483
Day252sample_entropy,0.0006455293435887445,0.0003094328297439356,0.00048426778209551,0.003907974390422567,0.002722871940175822,0.002635179657946672,0.1626733945843636,0.07797707309547178,0.12203548108806853,0.06203717020240412,0.043224252033487,0.04183218020941888,0.1651825931026492,0.11364207959187196,0.18377030979088946,2.6221923735982977,1.804012086433811,2.9172632283839506,0.0067545542673111605,0.004274248153267391,0.004575822649769739,0.45610689283141226,0.46350184101364394,0.4529749510035121,1.3361446454966062,1.2716844792564963,1.3722160612882783,0.03808289929280015,0.03162214070592575,0.02335020386880904,4.271560138676684,2.465901148838398,5.226313302175587,24.083512863554255,18.24345950430212,26.66962651933407,0.17853041112530696,0.10195983864972487,0.08172521165083987
Day252fuzzy_entropy,0.0003829805796702456,0.00028147080236523017,0.00043177055566780576,0.0027614728655773967,0.0031767146712130085,0.00313944762242782,0.09651110607690189,0.07093064219603801,0.10880618002828706,0.04383702272742414,0.050428782037439626,0.0498371859783421,0.13868706965917196,0.08860437007953009,0.13753074030708176,2.2015889782707627,1.4065507698238136,2.1832328188748718,0.0047074505782620756,0.005725256835997742,0.004967928438885069,0.45590860920361825,0.45635445300301014,0.46038993555519186,1.3299299323920248,1.2742666300199954,1.3883283556825543,0.040824481284430274,0.041082076743420605,0.036570572640849924,2.3640497819064636,1.7265593129343861,2.9752386186796755,20.501777867316967,12.389076023639541,21.901720479030484,0.07434178241398776,0.04407295979698951,0.03542346179225599
Day252permu_entropy,0.0009015020973954015,0.00038180518499912673,0.0005435112659273519,0.00466247142334597,0.0026254052253378763,0.002723595596610644,0.22717852854364118,0.09621490661977994,0.13696483901369266,0.07401443928671272,0.04167701590208108,0.04323573972325414,0.19335284134534142,0.145427144470618,0.19955652248950614,3.069381200925005,2.308584348885103,3.167861586048608,0.00751883537741559,0.0046646181421919316,0.003794925267954864,0.45850049756574474,0.4584780163483496,0.4580882518229735,1.3459313076704678,1.3183858448147654,1.3667580270361015,0.0497712815134678,0.024330731343253767,0.03041925631780018,4.564450053032452,3.9544601131136012,4.502570266109566,30.214590044891775,20.62653441007456,36.091577394224906,0.22959370829291276,0.09420446480707911,0.14054388266109144
